From	To
O75822	EIF3J
Q9UID3	VPS51
Q9NR33	POLE4
Q13523	PRPF4B
Q12933	TRAF2
Q9NS69	TOMM22
O75427	LRCH4
Q96GM8	TOE1
Q15042	RAB3GAP1
Q9HAP2	MLXIP
Q8IY67	RAVER1
P30566	ADSL
Q9H7E9	C8orf33
A6NFI3	ZNF316
Q9H0S4	DDX47
Q04446	GBE1
Q13263	TRIM28
Q7L4I2	RSRC2
P55210	CASP7
Q96EB6	SIRT1
Q03135	CAV1
P52907	CAPZA1
O60504	SORBS3
Q99733	NAP1L4
P55209	NAP1L1
P47755	CAPZA2
Q8IV50	LYSMD2
Q702N8	XIRP1
Q9Y5S9	RBM8A
Q9NYM9	BET1L
Q9UK97	FBXO9
Q86VR2	RETREG3
P54274	TERF1
Q8IZM8	ZNF654
Q13838	DDX39B
P52565	ARHGDIA
O15541	RNF113A
O60869	EDF1
P49736	MCM2
Q7L099	RUFY3
O95295	SNAPIN
Q96SW2	CRBN
Q8NC56	LEMD2
P50579	METAP2
Q16643	DBN1
Q6ZN30	BNC2
Q9P289	STK26
Q9Y6E0	STK24
P36021	SLC16A2
Q9H4Z3	PCIF1
O14579	COPE
P78347	GTF2I
Q63ZY3	KANK2
Q9NVC3	SLC38A7
Q9BWQ6	YIPF2
Q9BQJ4	TMEM47
Q6P2E9	EDC4
P50851	LRBA
Q5JSH3	WDR44
Q9H4A4	RNPEP
P23528	CFL1
P60981	DSTN
Q9Y281	CFL2
Q8TDB6	DTX3L
Q9P253	VPS18
O60762	DPM1
Q99594	TEAD3
O15131	KPNA5
P35568	IRS1
Q13601	KRR1
P49356	FNTB
Q13557	CAMK2D
Q9P0P0	RNF181
Q15020	SART3
O60293	ZFC3H1
Q9NVH1	DNAJC11
Q9C0J8	WDR33
Q9NVD7	PARVA
P06730	EIF4E
P46821	MAP1B
Q9NVA2	SEPTIN11
Q9Y277	VDAC3
Q9P1Y6	PHRF1
P51636	CAV2
Q9NZT2	OGFR
Q9HC35	EML4
Q06330	RBPJ
Q9H0C8	ILKAP
O00161	SNAP23
P50402	EMD
Q9BSE4	HERPUD2
O43399	TPD52L2
Q8WTS6	SETD7
O60662	KLHL41
Q15029	EFTUD2
O14979	HNRNPDL
P06748	NPM1
Q8N720	ZNF655
Q96HH4	TMEM169
O60285	NUAK1
Q9P0U4	CXXC1
Q9BZF1	OSBPL8
Q8N697	SLC15A4
Q9H3H3	C11orf68
Q13698	CACNA1S
P28347	TEAD1
Q70E73	RAPH1
Q16878	CDO1
Q86VQ6	TXNRD3
O43760	SYNGR2
O60684	KPNA6
Q9NWV8	BABAM1
Q14934	NFATC4
Q9BXP5	SRRT
Q14872	MTF1
P62273	RPS29
Q6AW86	ZNF324B
Q70Z53	FRA10AC1
Q5BJH7	YIF1B
P84103	SRSF3
O95379	TNFAIP8
Q15772	SPEG
P35613	BSG
A0AV02	SLC12A8
Q9HAS0	C17orf75
Q9UPE1	SRPK3
Q96ET8	TVP23C
Q9UG56	PISD
Q14315	FLNC
O95772	STARD3NL
P17980	PSMC3
Q9HCD5	NCOA5
O94875	SORBS2
P60468	SEC61B
Q9ULS5	TMCC3
Q9UKY7	CDV3
Q96AY3	FKBP10
Q9H7L9	SUDS3
Q86WX3	RPS19BP1
O60664	PLIN3
P35659	DEK
P06454	PTMA
Q96FQ6	S100A16
Q8IWE2	FAM114A1
P45378	TNNT3
Q8NDC0	MAPK1IP1L
Q99536	VAT1
P26368	U2AF2
P45379	TNNT2
P62328	TMSB4X
P61244	MAX
Q13177	PAK2
P08047	SP1
P63165	SUMO1
P62995	TRA2B
Q9UMY4	SNX12
Q9UNF1	MAGED2
Q13595	TRA2A
P16989	YBX3
O95747	OXSR1
Q9UHY1	NRBP1
Q0VAK6	LMOD3
Q9UBL0	ARPP21
Q9H0W8	SMG9
P16403	H1-2
P10412	H1-4
P16401	H1-5
P16402	H1-3
P05976	MYL1
P20042	EIF2S2
P11387	TOP1
Q15149	PLEC
Q9UQ80	PA2G4
P49840	GSK3A
Q14240	EIF4A2
Q13541	EIF4EBP1
P98175	RBM10
P63218	GNG5
Q9Y3A5	SBDS
P13489	RNH1
Q3YBR2	TBRG1
P62316	SNRPD2
Q9HB90	RRAGC
O00560	SDCBP
O43752	STX6
Q969X1	TMBIM1
P17661	DES
Q16851	UGP2
Q16539	MAPK14
P68402	PAFAH1B2
B4DJY2	TMEM233
Q9UEY8	ADD3
P11055	MYH3
P84022	SMAD3
Q15796	SMAD2
P62820	RAB1A
P33991	MCM4
P00352	ALDH1A1
P22314	UBA1
Q00839	HNRNPU
Q00341	HDLBP
Q9Y241	HIGD1A
P20340	RAB6A
Q15836	VAMP3
P49023	PXN
P07355	ANXA2
Q92522	H1-10
Q9NWU2	GID8
Q86Y82	STX12
Q9Y262	EIF3L
O15400	STX7
Q15311	RALBP1
Q9BSE2	TMEM79
Q9Y534	CSDC2
Q9Y2J2	EPB41L3
P52294	KPNA1
Q16543	CDC37
Q9UK76	JPT1
Q8WUA7	TBC1D22A
Q8IVF2	AHNAK2
P19338	NCL
P17544	ATF7
P49006	MARCKSL1
P49585	PCYT1A
P67809	YBX1
P24385	CCND1
Q1KMD3	HNRNPUL2
Q9UPS8	ANKRD26
O76021	RSL1D1
Q96N21	TEPSIN
P62258	YWHAE
Q86UP2	KTN1
Q15124	PGM5
Q13207	TBX2
Q13459	MYO9B
O75533	SF3B1
Q12929	EPS8
Q7L014	DDX46
Q96MW1	CCDC43
Q04637	EIF4G1
Q96TA1	NIBAN2
Q5T4S7	UBR4
O75694	NUP155
Q96N67	DOCK7
Q12816	TRO
Q3YEC7	RABL6
O75367	MACROH2A1
Q92614	MYO18A
Q8WZ42	TTN
P85037	FOXK1
P09525	ANXA4
Q03001	DST
A6NKL6	TMEM200C
Q8IYB3	SRRM1
Q15032	R3HDM1
Q14126	DSG2
Q6WCQ1	MPRIP
Q8N9M1	C19orf47
Q0D2I5	IFFO1
Q96ST2	IWS1
Q9H792	PEAK1
Q9H8Y8	GORASP2
Q9C0D5	TANC1
P49327	FASN
P50502	ST13
Q8N8A6	DDX51
Q8WUY3	PRUNE2
Q09666	AHNAK
P17010	ZFX
Q13427	PPIG
Q7Z4V5	HDGFL2
Q7Z6B7	SRGAP1
Q8TDM6	DLG5
Q96S94	CCNL2
Q02952	AKAP12
O14686	KMT2D
P52948	NUP98
P49815	TSC2
Q8IVT5	KSR1
Q9Y6R0	NUMBL
O43633	CHMP2A
Q9NUP1	BLOC1S4
Q9GZR7	DDX24
P46783	RPS10
Q53F19	NCBP3
Q07157	TJP1
Q04721	NOTCH2
P29966	MARCKS
O14617	AP3D1
Q9H0D6	XRN2
P27824	CANX
Q9UK58	CCNL1
P51531	SMARCA2
Q9H4I2	ZHX3
Q9NU22	MDN1
Q15459	SF3A1
Q99547	MPHOSPH6
Q9Y2W1	THRAP3
Q9NWQ8	PAG1
P80723	BASP1
Q9BY11	PACSIN1
Q0ZGT2	NEXN
Q13023	AKAP6
Q9P0K7	RAI14
P78559	MAP1A
Q8IXS6	PALM2
P51532	SMARCA4
P48634	PRRC2A
Q86UE8	TLK2
Q9BZ29	DOCK9
Q8NE71	ABCF1
O75128	COBL
Q9NQC3	RTN4
Q9Y343	SNX24
O75691	UTP20
P34932	HSPA4
Q5T8D3	ACBD5
Q9NUA8	ZBTB40
Q8NDI1	EHBP1
O60841	EIF5B
P51608	MECP2
Q9H6B4	CLMP
Q9P2K5	MYEF2
Q9BVS4	RIOK2
Q5VWP3	MLIP
P21333	FLNA
Q9Y520	PRRC2C
Q9UPN3	MACF1
Q6PD74	AAGAB
Q13367	AP3B2
Q86VM9	ZC3H18
Q9Y320	TMX2
Q9H3Q1	CDC42EP4
Q93009	USP7
O95208	EPN2
O94885	SASH1
O60832	DKC1
Q14692	BMS1
Q9UQ35	SRRM2
Q12770	SCAP
Q15223	NECTIN1
Q53GL7	PARP10
P50993	ATP1A2
Q9H4L4	SENP3
Q2M2I8	AAK1
Q9P2M4	TBC1D14
Q6F5E8	CARMIL2
Q8N2Y8	RUSC2
Q9HCH0	NCKAP5L
Q8TEJ3	SH3RF3
Q9UK96	FBXO10
Q6PJG2	MIDEAS
O75113	N4BP1
P51116	FXR2
Q8IZD4	DCP1B
P61966	AP1S1
Q86V48	LUZP1
P36871	PGM1
Q4ADV7	RIC1
O00401	WASL
Q9BXI6	TBC1D10A
Q9H6S1	AZI2
P51114	FXR1
P06753	TPM3
P09493	TPM1
Q9Y4I1	MYO5A
Q32P44	EML3
Q8N6H7	ARFGAP2
Q92667	AKAP1
Q6KC79	NIPBL
P53396	ACLY
Q9GZT9	EGLN1
Q92576	PHF3
Q9Y618	NCOR2
P07197	NEFM
Q9NSY0	NRBP2
Q9H501	ESF1
O60336	MAPKBP1
Q8IY81	FTSJ3
Q32MZ4	LRRFIP1
P13798	APEH
O00461	GOLIM4
P35579	MYH9
Q9Y617	PSAT1
Q9BXY0	MAK16
P00558	PGK1
Q2LD37	KIAA1109
Q13769	THOC5
Q9BQG0	MYBBP1A
O94876	TMCC1
P11831	SRF
Q9P2N2	ARHGAP28
Q8IWR0	ZC3H7A
Q8N554	ZNF276
P49589	CARS1
O75151	PHF2
Q9Y250	LZTS1
Q9Y3M8	STARD13
Q96L91	EP400
P11717	IGF2R
Q6R327	RICTOR
Q07021	C1QBP
Q5VTR2	RNF20
Q15276	RABEP1
Q6JBY9	RCSD1
Q12955	ANK3
Q9BQI0	AIF1L
Q9Y2H5	PLEKHA6
Q86TI0	TBC1D1
P61006	RAB8A
P25445	FAS
O75396	SEC22B
Q96HC4	PDLIM5
Q8WVC0	LEO1
Q92530	PSMF1
Q6AI08	HEATR6
Q8N3V7	SYNPO
Q9ULD9	ZNF608
E9PAV3	NACA
Q8NEY1	NAV1
Q9H3Z4	DNAJC5
Q96B97	SH3KBP1
Q9H7D0	DOCK5
Q8TBF4	ZCRB1
Q969G5	CAVIN3
Q9NQX5	NPDC1
Q06265	EXOSC9
P20290	BTF3
P41252	IARS1
P00966	ASS1
Q96L96	ALPK3
Q9Y4B5	MTCL1
A8CG34	POM121C
Q66K14	TBC1D9B
Q9Y676	MRPS18B
Q8TE77	SSH3
O15014	ZNF609
Q9UJ41	RABGEF1
Q12893	TMEM115
Q5T5Y3	CAMSAP1
Q9UJZ1	STOML2
Q14980	NUMA1
Q13200	PSMD2
Q96JH7	VCPIP1
Q9Y4H2	IRS2
P43686	PSMC4
Q6P996	PDXDC1
O75376	NCOR1
O15075	DCLK1
Q5T5U3	ARHGAP21
Q9Y4J8	DTNA
Q9Y4W2	LAS1L
Q02818	NUCB1
Q15811	ITSN1
Q14678	KANK1
Q96RK0	CIC
Q9H8Y5	ANKZF1
Q14152	EIF3A
Q9HBR0	SLC38A10
Q05655	PRKCD
Q96QD9	FYTTD1
Q13247	SRSF6
Q9UBI6	GNG12
Q711Q0	CEFIP
Q14247	CTTN
Q63ZY6	NSUN5P2
O75364	PITX3
Q4V9L6	TMEM119
Q99592	ZBTB18
Q9C0E8	LNPK
Q68DQ2	CRYBG3
Q68CZ2	TNS3
Q96FT9	IFT43
Q9NRA8	EIF4ENIF1
Q14155	ARHGEF7
Q96QE2	SLC2A13
Q6P1N0	CC2D1A
Q5QJE6	DNTTIP2
Q8NDT2	RBM15B
Q8NBV4	PLPP7
Q02880	TOP2B
O75167	PHACTR2
Q12778	FOXO1
Q92783	STAM
Q14677	CLINT1
Q8IU81	IRF2BP1
Q9H1B7	IRF2BPL
Q8TB72	PUM2
O00273	DFFA
Q8IVB4	SLC9A9
Q8N5I9	NOPCHAP1
O43426	SYNJ1
Q96PE3	INPP4A
Q86YS7	C2CD5
Q96CP2	FLYWCH2
O94804	STK10
A1X283	SH3PXD2B
Q9H2I8	LRMDA
O15143	ARPC1B
Q9H019	MTFR1L
Q9Y2K5	R3HDM2
O43182	ARHGAP6
O75147	OBSL1
Q9Y490	TLN1
O75122	CLASP2
P57103	SLC8A3
P51956	NEK3
Q9NPI6	DCP1A
Q66PJ3	ARL6IP4
Q8NFH5	NUP35
Q8N1G2	CMTR1
Q5SW79	CEP170
O43795	MYO1B
Q9UJV3	MID2
O15344	MID1
Q8TDY2	RB1CC1
O75410	TACC1
P20929	NEB
Q14966	ZNF638
Q8N1G0	ZNF687
Q9BRD0	BUD13
P01008	SERPINC1
Q9UH99	SUN2
Q96GA3	LTV1
P11137	MAP2
Q8IY33	MICALL2
Q8N3X1	FNBP4
Q02641	CACNB1
Q9UQN3	CHMP2B
Q9H0E9	BRD8
Q5VZP5	STYXL2
Q9P0V9	SEPTIN10
O95810	CAVIN2
Q9ULU4	ZMYND8
Q14258	TRIM25
P46100	ATRX
Q9H1E3	NUCKS1
Q13586	STIM1
Q6PCE3	PGM2L1
Q96PD2	DCBLD2
Q9UHB7	AFF4
Q96JG9	ZNF469
P22059	OSBP
Q9Y2K6	USP20
Q66K74	MAP1S
Q96JM3	CHAMP1
Q8TB61	SLC35B2
Q8IWZ8	SUGP1
Q13153	PAK1
P32418	SLC8A1
Q6P4R8	NFRKB
Q8NEF9	SRFBP1
P68363	TUBA1B
P51812	RPS6KA3
Q5TGY3	AHDC1
Q9UPU9	SAMD4A
P21127	CDK11B
Q9UQ88	CDK11A
Q12888	TP53BP1
Q9Y478	PRKAB1
P27816	MAP4
O75970	MPDZ
P53621	COPA
Q0JRZ9	FCHO2
Q9UPP1	PHF8
Q96PY5	FMNL2
Q04727	TLE4
Q04726	TLE3
Q96T23	RSF1
P04049	RAF1
O00571	DDX3X
Q9Y678	COPG1
Q9NUE0	ZDHHC18
Q9Y2K1	ZBTB1
Q9Y485	DMXL1
Q8IVL0	NAV3
P49792	RANBP2
P24534	EEF1B2
Q15649	ZNHIT3
Q8IX12	CCAR1
Q9HCK8	CHD8
O94874	UFL1
P37275	ZEB1
Q8TAD8	SNIP1
P08238	HSP90AB1
Q7Z6E9	RBBP6
O14647	CHD2
Q9UGP8	SEC63
Q3L8U1	CHD9
P49407	ARRB1
Q5THJ4	VPS13D
O00566	MPHOSPH10
Q8WUB8	PHF10
P51397	DAP
Q8N3L3	TXLNB
Q9ULX3	NOB1
P23327	HRC
Q13426	XRCC4
Q9H1E5	TMX4
P0DP91	ERCC6
Q8NFD5	ARID1B
Q9H6T3	RPAP3
Q01831	XPC
Q8NEN9	PDZD8
O15042	U2SURP
P78362	SRPK2
O95365	ZBTB7A
Q9NVU7	SDAD1
Q5F1R6	DNAJC21
Q92794	KAT6A
Q9UQL6	HDAC5
Q9UPQ9	TNRC6B
Q96JG6	VPS50
Q15154	PCM1
P48307	TFPI2
Q9P2D1	CHD7
P23396	RPS3
Q96ST8	CEP89
O60271	SPAG9
Q8NC51	SERBP1
P07196	NEFL
P17535	JUND
Q68E01	INTS3
Q6VMQ6	ATF7IP
P13591	NCAM1
P09619	PDGFRB
Q9UKE5	TNIK
P32004	L1CAM
Q15746	MYLK
Q92545	TMEM131
Q96KC8	DNAJC1
O43237	DYNC1LI2
O15372	EIF3H
Q13131	PRKAA1
P52655	GTF2A1
Q6NUK4	REEP3
Q8NEB9	PIK3C3
Q9UER7	DAXX
P30041	PRDX6
P25205	MCM3
Q8WYP3	RIN2
Q9Y282	ERGIC3
Q9BR39	JPH2
Q71RC2	LARP4
Q96QB1	DLC1
Q9NWH9	SLTM
Q9ULT0	TTC7A
Q12789	GTF3C1
Q99569	PKP4
Q9Y3B9	RRP15
O43294	TGFB1I1
A0JNW5	UHRF1BP1L
Q9NYI0	PSD3
Q9BSF8	BTBD10
Q641Q2	WASHC2A
Q9UIG0	BAZ1B
Q7KZ85	SUPT6H
P25490	YY1
Q4LE39	ARID4B
Q15121	PEA15
Q96EV2	RBM33
P31641	SLC6A6
P00519	ABL1
Q9HA82	CERS4
Q96GX9	APIP
Q7L2J0	MEPCE
O43432	EIF4G3
Q76I76	SSH2
Q7L1V2	MON1B
Q8N488	RYBP
Q14568	HSP90AA2P
Q9BXF6	RAB11FIP5
Q14498	RBM39
Q9H4M7	PLEKHA4
O15119	TBX3
Q9NYL9	TMOD3
O43719	HTATSF1
P29375	KDM5A
Q8WU79	SMAP2
Q8WUA4	GTF3C2
Q5T3I0	GPATCH4
Q9Y3T9	NOC2L
Q9NYF8	BCLAF1
O60763	USO1
Q15527	SURF2
P42677	RPS27
Q92974	ARHGEF2
P49796	RGS3
Q86SQ0	PHLDB2
Q9Y4G8	RAPGEF2
Q9UGU0	TCF20
P16949	STMN1
Q15554	TERF2
Q96BY6	DOCK10
Q8TAQ2	SMARCC2
O15439	ABCC4
Q15025	TNIP1
Q8WUF5	PPP1R13L
Q5VZL5	ZMYM4
Q9P2C4	TMEM181
Q96JC9	EAF1
Q92499	DDX1
O75112	LDB3
Q92508	PIEZO1
Q9Y426	C2CD2
Q9UBP0	SPAST
Q7Z6J2	TAMALIN
O60524	NEMF
P48681	NES
Q96AC1	FERMT2
Q14676	MDC1
Q9NXG2	THUMPD1
Q12959	DLG1
Q9P206	KIAA1522
O43164	PJA2
Q5BKX8	CAVIN4
P02686	MBP
Q9H4A3	WNK1
Q96S38	RPS6KC1
Q9UJU5	FOXD3
Q16623	STX1A
P61266	STX1B
O75962	TRIO
O94979	SEC31A
Q99460	PSMD1
Q9Y3S2	ZNF330
Q9Y487	ATP6V0A2
Q5VSL9	STRIP1
Q9Y5X1	SNX9
Q99700	ATXN2
Q5VYS8	TUT7
Q9H2G2	SLK
P48454	PPP3CC
Q15052	ARHGEF6
Q8N5D0	WDTC1
Q9UMX1	SUFU
P07948	LYN
Q9HCN4	GPN1
O60303	KATNIP
Q99584	S100A13
Q5JTD0	TJAP1
Q9Y6X9	MORC2
Q3V6T2	CCDC88A
Q9NVM9	INTS13
O95197	RTN3
Q8ND30	PPFIBP2
P23511	NFYA
Q9C0B5	ZDHHC5
Q969E4	TCEAL3
Q96QZ7	MAGI1
Q9HBL0	TNS1
O43166	SIPA1L1
Q13637	RAB32
O94887	FARP2
Q9NUQ6	SPATS2L
Q8TC07	TBC1D15
Q9Y4K1	CRYBG1
Q9UPQ0	LIMCH1
Q9H2J7	SLC6A15
Q86V15	CASZ1
P60866	RPS20
Q9NPF5	DMAP1
Q9UBL3	ASH2L
Q96PU5	NEDD4L
Q9C0C2	TNKS1BP1
Q86WB0	ZC3HC1
Q5JVS0	HABP4
P43243	MATR3
Q8N0X7	SPART
Q9H4L7	SMARCAD1
Q05209	PTPN12
O75534	CSDE1
O00159	MYO1C
Q8WZA9	IRGQ
Q6UWJ1	TMCO3
P34947	GRK5
Q8TAD7	OCC1
Q8NFC6	BOD1L1
Q15185	PTGES3
Q9Y2H1	STK38L
Q9BQE3	TUBA1C
Q7Z417	NUFIP2
P35609	ACTN2
Q9BVJ6	UTP14A
Q9H4G0	EPB41L1
P51858	HDGF
Q8IV56	PRR15
Q9Y4D1	DAAM1
Q9P2I0	CPSF2
P55010	EIF5
P07910	HNRNPC
Q5TCZ1	SH3PXD2A
Q5T481	RBM20
Q8N3D4	EHBP1L1
Q15545	TAF7
O14523	C2CD2L
P50570	DNM2
Q3KQU3	MAP7D1
Q14324	MYBPC2
Q2T9K0	TMEM44
Q8WXH0	SYNE2
Q86YP4	GATAD2A
O75674	TOM1L1
Q13409	DYNC1I2
Q9UKV3	ACIN1
Q8N556	AFAP1
Q9Y4E5	ZNF451
P46939	UTRN
Q7Z569	BRAP
Q8TER5	ARHGEF40
P18583	SON
Q92823	NRCAM
Q7Z7B0	FILIP1
O75381	PEX14
O14646	CHD1
Q7Z7G8	VPS13B
P35611	ADD1
Q8N163	CCAR2
Q9NTI5	PDS5B
Q9C0C9	UBE2O
Q8WWM7	ATXN2L
Q9Y5B0	CTDP1
Q92538	GBF1
Q14839	CHD4
Q9HB58	SP110
Q63HN8	RNF213
Q69YN4	VIRMA
Q9UMZ2	SYNRG
Q9Y2L9	LRCH1
Q92785	DPF2
Q5T200	ZC3H13
A1A4S6	ARHGAP10
Q8NHZ8	CDC26
O43242	PSMD3
Q9Y235	APOBEC2
Q12846	STX4
Q9UKY1	ZHX1
Q9P2R6	RERE
Q9UBB9	TFIP11
P23588	EIF4B
Q96B23	C18orf25
Q8N3F8	MICALL1
Q8IWB9	TEX2
Q8TDD1	DDX54
O94988	FAM13A
Q13029	PRDM2
Q8IYB7	DIS3L2
Q9NWZ8	GEMIN8
Q9Y3E1	HDGFL3
Q8NDV7	TNRC6A
P53985	SLC16A1
Q9BT43	POLR3GL
Q9NRS6	SNX15
Q8N1G4	LRRC47
Q9Y4G6	TLN2
P14625	HSP90B1
P07900	HSP90AA1
Q8IXW5	RPAP2
Q99442	SEC62
O00567	NOP56
P41229	KDM5C
P55196	AFDN
Q96MP8	KCTD7
Q13439	GOLGA4
Q9Y2X3	NOP58
Q00613	HSF1
P05412	JUN
Q9NR30	DDX21
Q14766	LTBP1
Q9NVU0	POLR3E
Q5R372	RABGAP1L
Q96CW1	AP2M1
Q92797	SYMPK
O00193	SMAP
P05388	RPLP0
Q01804	OTUD4
Q8N4C8	MINK1
Q8NBJ4	GOLM1
Q9UKL0	RCOR1
Q9UJX5	ANAPC4
P21817	RYR1
P09211	GSTP1
Q96CW6	SLC7A6OS
P80303	NUCB2
Q9Y3X0	CCDC9
Q08357	SLC20A2
Q9NYV6	RRN3
Q13045	FLII
Q6NZI2	CAVIN1
O00264	PGRMC1
P49321	NASP
Q9BZQ8	NIBAN1
P20810	CAST
P55011	SLC12A2
Q9NSC5	HOMER3
P41743	PRKCI
Q6PHR2	ULK3
Q92503	SEC14L1
Q08945	SSRP1
O75351	VPS4B
Q96CX2	KCTD12
Q15651	HMGN3
P53367	ARFIP1
Q13287	NMI
O75179	ANKRD17
Q9H307	PNN
O00139	KIF2A
Q96NE9	FRMD6
Q8IWA0	WDR75
O75643	SNRNP200
P20936	RASA1
P42858	HTT
O95684	CEP43
Q92504	SLC39A7
Q15291	RBBP5
Q9NRL2	BAZ1A
Q8TD19	NEK9
P16157	ANK1
Q86T65	DAAM2
Q9Y217	MTMR6
Q8IVL6	P3H3
Q01105	SET
Q9BZV1	UBXN6
Q12873	CHD3
Q99543	DNAJC2
O75683	SURF6
O95453	PARN
O95628	CNOT4
Q9Y266	NUDC
Q01484	ANK2
Q96EE3	SEH1L
Q04656	ATP7A
P53999	SUB1
O43765	SGTA
Q9Y4F5	CEP170B
O75781	PALM
P14209	CD99
Q9HAU5	UPF2
P53671	LIMK2
Q9UN37	VPS4A
Q8TEQ6	GEMIN5
Q9P260	RELCH
P21359	NF1
P23193	TCEA1
O75363	BCAS1
P28715	ERCC5
Q9H2Y7	ZNF106
Q6Y7W6	GIGYF2
Q9Y613	FHOD1
Q53TN4	CYBRD1
Q96RU2	USP28
P30622	CLIP1
Q92913	FGF13
A0FGR8	ESYT2
Q8NEL9	DDHD1
P54105	CLNS1A
Q5TC84	OGFRL1
Q6P0Q8	MAST2
Q9NP74	PALMD
P50443	SLC26A2
Q9H8W5	TRIM45
Q13107	USP4
P06732	CKM
Q8NEZ4	KMT2C
Q92692	NECTIN2
Q5JRA6	MIA3
Q9C073	FAM117A
Q9UDY2	TJP2
Q9UPT6	MAPK8IP3
Q15678	PTPN14
Q9Y3L3	SH3BP1
P19022	CDH2
Q9NYF0	DACT1
Q96TC7	RMDN3
O43303	CCP110
O95218	ZRANB2
Q8IUG5	MYO18B
Q86W56	PARG
Q9BW71	HIRIP3
O14976	GAK
Q96QT4	TRPM7
Q86SQ7	SDCCAG8
O75528	TADA3
P23443	RPS6KB1
Q8N1I0	DOCK4
Q9Y5B9	SUPT16H
P25788	PSMA3
Q9H992	MARCHF7
Q9UKA4	AKAP11
Q9H1K0	RBSN
Q58FG0	HSP90AA5P
Q02040	AKAP17A
Q8TDZ2	MICAL1
Q8N108	MIER1
Q5T0F9	CC2D1B
Q5SY16	NOL9
Q9NQS3	NECTIN3
Q7Z401	DENND4A
Q13554	CAMK2B
P16070	CD44
Q9Y450	HBS1L
Q01082	SPTBN1
Q14693	LPIN1
O94854	MACF1
Q9UBH6	XPR1
P62987	UBA52
Q13127	REST
Q6PKG0	LARP1
P84157	MXRA7
Q15424	SAFB
Q8NHP6	MOSPD2
Q9BQA1	WDR77
P19634	SLC9A1
P49137	MAPKAPK2
Q9UPN6	SCAF8
Q96K76	USP47
Q8IVF7	FMNL3
Q16666	IFI16
Q13501	SQSTM1
Q9P287	BCCIP
Q9NQX3	GPHN
Q9Y3P9	RABGAP1
Q96MF2	STAC3
O95922	TTLL1
Q9H6X2	ANTXR1
Q5JSZ5	PRRC2B
Q8WYA6	CTNNBL1
Q96RS0	TGS1
P07814	EPRS1
O43324	EEF1E1
Q9HCD6	TANC2
O75923	DYSF
P08670	VIM
O60307	MAST3
O15027	SEC16A
P50747	HLCS
P05455	SSB
Q8TBZ3	WDR20
Q8TF01	PNISR
P49756	RBM25
Q9UPZ3	HPS5
Q9BX66	SORBS1
Q9NV70	EXOC1
O75069	TMCC2
Q9NQP4	PFDN4
Q969V6	MRTFA
Q9UBC2	EPS15L1
P40763	STAT3
P15374	UCHL3
O43815	STRN
Q9BZI7	UPF3B
Q9H0W5	CCDC8
Q08AE8	SPIRE1
Q00688	FKBP3
Q5VT25	CDC42BPA
P85299	PRR5
Q96Q05	TRAPPC9
P36404	ARL2
Q8IWW6	ARHGAP12
Q9ULV5	HSF4
O14639	ABLIM1
O14681	EI24
P62070	RRAS2
Q7Z478	DHX29
Q9P2B4	CTTNBP2NL
O75152	ZC3H11A
Q86UW6	N4BP2
Q15942	ZYX
Q9H2M9	RAB3GAP2
Q8NCW6	GALNT11
O95359	TACC2
Q9Y6E2	BZW2
Q15652	JMJD1C
Q13428	TCOF1
Q8N9B5	JMY
Q9H7N4	SCAF1
P16455	MGMT
Q07065	CKAP4
P12270	TPR
Q13136	PPFIA1
O00192	ARVCF
Q9Y4E8	USP15
Q8TED9	AFAP1L1
Q53GL0	PLEKHO1
Q06413	MEF2C
Q2M1Z3	ARHGAP31
O43395	PRPF3
Q70EL1	USP54
Q12830	BPTF
Q96EZ8	MCRS1
Q92733	PRCC
P13861	PRKAR2A
Q8ND56	LSM14A
Q5JTH9	RRP12
Q5VWQ8	DAB2IP
Q9UQE7	SMC3
Q9NSI2	SLX9
Q9BRJ6	C7orf50
Q53T59	HS1BP3
Q12906	ILF3
P58546	MTPN
Q6PD62	CTR9
A8MW95	BECN2
Q9UPU7	TBC1D2B
Q5BKZ1	ZNF326
O95466	FMNL1
Q8TCT9	HM13
Q13435	SF3B2
P21291	CSRP1
Q14814	MEF2D
Q14847	LASP1
Q765P7	MTSS2
Q6NZ67	MZT2B
Q86UU1	PHLDB1
Q13017	ARHGAP5
Q9UQR1	ZNF148
Q99459	CDC5L
Q9UHR5	SAP30BP
Q9UK61	TASOR
P04083	ANXA1
Q9UKS6	PACSIN3
P78527	PRKDC
P04439	HLA-A
Q5VT97	SYDE2
Q06124	PTPN11
Q16659	MAPK6
Q53LP3	SOWAHC
Q96I15	SCLY
P27448	MARK3
Q9Y6X8	ZHX2
P04075	ALDOA
O75925	PIAS1
O75821	EIF3G
Q15464	SHB
Q8IVL1	NAV2
O00203	AP3B1
P63208	SKP1
P41227	NAA10
Q5R3F8	ELFN2
O75764	TCEA3
O60784	TOM1
Q9Y4E1	WASHC2C
O95785	WIZ
Q9NQQ7	SLC35C2
P08758	ANXA5
Q5VY43	PEAR1
Q709C8	VPS13C
Q969J3	BORCS5
Q02078	MEF2A
P15924	DSP
Q99689	FEZ1
Q96DF8	ESS2
P41182	BCL6
Q5T2D3	OTUD3
Q70CQ2	USP34
P17612	PRKACA
O95400	CD2BP2
Q16649	NFIL3
P42167	TMPO
Q8TEP8	CEP192
P46087	NOP2
Q96S55	WRNIP1
Q14865	ARID5B
Q9Y4E6	WDR7
Q9NZM1	MYOF
Q2KHR3	QSER1
O43169	CYB5B
Q03169	TNFAIP2
Q8IXQ4	GPALPP1
Q9H246	C1orf21
Q9NQT8	KIF13B
O95613	PCNT
Q86TC9	MYPN
Q6P9H4	CNKSR3
Q13619	CUL4A
P00533	EGFR
Q8IY63	AMOTL1
Q16799	RTN1
Q12982	BNIP2
P82909	MRPS36
Q9Y6R1	SLC4A4
Q92870	APBB2
Q9UQC2	GAB2
Q15788	NCOA1
Q5JPI9	EEF1AKMT2
O60551	NMT2
P29536	LMOD1
Q13884	SNTB1
Q14978	NOLC1
Q8WVJ9	TWIST2
Q93074	MED12
Q6ZRV2	FAM83H
P50750	CDK9
Q69YQ0	SPECC1L
Q9UNX4	WDR3
Q9NUL3	STAU2
Q9NW68	BSDC1
O00327	ARNTL
Q13555	CAMK2G
O00767	SCD
Q96D71	REPS1
D6RIA3	C4orf54
Q13451	FKBP5
Q15629	TRAM1
Q7L8A9	VASH1
Q9ULA0	DNPEP
P52594	AGFG1
O60716	CTNND1
Q9HDC5	JPH1
Q8NEN0	ARMC2
P46778	RPL21
Q9Y4P8	WIPI2
P49959	MRE11
Q6ZVM7	TOM1L2
Q92890	UFD1
P52943	CRIP2
Q14118	DAG1
Q9UHY8	FEZ2
Q15366	PCBP2
Q8NB49	ATP11C
Q9H2D6	TRIOBP
Q9Y232	CDYL
O94906	PRPF6
Q8IW50	FAM219A
Q5XKK7	FAM219B
Q99549	MPHOSPH8
Q7L9L4	MOB1B
Q96PX6	CCDC85A
P05198	EIF2S1
Q15648	MED1
O95671	ASMTL
Q14161	GIT2
P51946	CCNH
Q92622	RUBCN
Q16270	IGFBP7
Q06830	PRDX1
Q92610	ZNF592
O94929	ABLIM3
P17987	TCP1
Q9NP61	ARFGAP3
Q96K83	ZNF521
Q5H9R7	PPP6R3
Q96RT1	ERBIN
P47712	PLA2G4A
Q9Y6D5	ARFGEF2
Q96GX8	C16orf74
Q52LW3	ARHGAP29
Q9BSJ8	ESYT1
Q9NZN5	ARHGEF12
P78316	NOP14
Q9UHF7	TRPS1
O60885	BRD4
O43491	EPB41L2
Q3B726	POLR1F
Q9BQ52	ELAC2
Q96BR1	SGK3
O15085	ARHGEF11
A2AJT9	BCLAF3
Q9Y6M7	SLC4A7
Q6ZS17	RIPOR1
Q5ZPR3	CD276
Q9P266	JCAD
O15021	MAST4
P52179	MYOM1
Q92922	SMARCC1
Q9H6S3	EPS8L2
Q5VZ89	DENND4C
O14683	TP53I11
Q9UDT6	CLIP2
Q8N9Q2	SREK1IP1
P49354	FNTA
Q9Y5S2	CDC42BPB
Q14008	CKAP5
O14492	SH2B2
A7E2V4	ZSWIM8
P31943	HNRNPH1
P02794	FTH1
Q99961	SH3GL1
Q9Y5B6	PAXBP1
P35237	SERPINB6
Q9UMS6	SYNPO2
Q14103	HNRNPD
Q9UHW9	SLC12A6
P41236	PPP1R2
Q9NR31	SAR1A
Q8TEQ0	SNX29
Q8NI27	THOC2
Q9BPZ7	MAPKAP1
Q14004	CDK13
P48637	GSS
Q86X27	RALGPS2
Q9UHV7	MED13
Q8NG27	PJA1
Q92995	USP13
Q9Y3F4	STRAP
O95714	HERC2
P42566	EPS15
Q9ULC3	RAB23
Q6NZY4	ZCCHC8
P00367	GLUD1
P61978	HNRNPK
P04406	GAPDH
P10071	GLI3
Q6ZMU5	TRIM72
P46060	RANGAP1
Q9H8G2	CAAP1
Q659C4	LARP1B
Q86V25	VASH2
P61160	ACTR2
Q9UKN8	GTF3C4
P16220	CREB1
Q76M96	CCDC80
Q92625	ANKS1A
O43741	PRKAB2
Q14D04	VEPH1
O14958	CASQ2
Q7Z4S6	KIF21A
P50395	GDI2
Q99755	PIP5K1A
Q7Z5L9	IRF2BP2
Q9UP95	SLC12A4
Q9P265	DIP2B
Q9Y2E4	DIP2C
O75116	ROCK2
Q9P1T7	MDFIC
O95573	ACSL3
P62750	RPL23A
Q9Y2I7	PIKFYVE
Q5HYJ3	FAM76B
Q8N2M8	CLASRP
Q5JV73	FRMPD3
Q9P246	STIM2
P14866	HNRNPL
P14317	HCLS1
P62241	RPS8
P31949	S100A11
Q00536	CDK16
Q9Y6M1	IGF2BP2
Q58A45	PAN3
Q9P2Y5	UVRAG
Q9BXJ9	NAA15
P55081	MFAP1
Q9HAU0	PLEKHA5
Q12923	PTPN13
Q562R1	ACTBL2
Q16181	SEPTIN7
Q15019	SEPTIN2
O43236	SEPTIN4
P35269	GTF2F1
Q99613	EIF3C
Q16186	ADRM1
Q9NW75	GPATCH2
Q9H7S9	ZNF703
Q96NB3	ZNF830
P78332	RBM6
Q12905	ILF2
Q5SSJ5	HP1BP3
P26373	RPL13
Q8NDX5	PHC3
Q9HCL2	GPAM
Q15111	PLCL1
Q9BWU0	SLC4A1AP
P52926	HMGA2
P29692	EEF1D
O60237	PPP1R12B
Q9NZC9	SMARCAL1
Q9UN70	PCDHGC3
O60318	MCM3AP
Q05519	SRSF11
Q15691	MAPRE1
P36873	PPP1CC
P78346	RPP30
Q13425	SNTB2
O75909	CCNK
O00423	EML1
P25054	APC
Q99590	SCAF11
Q8TBA6	GOLGA5
Q13442	PDAP1
P62888	RPL30
O14974	PPP1R12A
Q9UNZ2	NSFL1C
Q14526	HIC1
Q9ULG6	CCPG1
Q9H3N1	TMX1
Q9P2N5	RBM27
P17302	GJA1
O96013	PAK4
Q96PE2	ARHGEF17
Q8NFG4	FLCN
P55287	CDH11
Q92766	RREB1
P48059	LIMS1
P55072	VCP
Q9P2E9	RRBP1
P05387	RPLP2
Q9BZH6	WDR11
Q9Y4B4	RAD54L2
Q96G03	PGM2
Q15700	DLG2
Q8N370	SLC43A2
P55199	ELL
Q5VUA4	ZNF318
Q12872	SFSWAP
Q9H0B6	KLC2
O00716	E2F3
Q9Y696	CLIC4
Q8ND04	SMG8
Q13813	SPTAN1
Q9UPQ3	AGAP1
Q96P47	AGAP3
O94901	SUN1
Q16204	CCDC6
Q8TB03	CXorf38
Q5FWF5	ESCO1
P43487	RANBP1
Q9HAN9	NMNAT1
Q03468	ERCC6
O75030	MITF
O43310	CTIF
P42685	FRK
Q9NR09	BIRC6
Q9Y2Z0	SUGT1
O60502	OGA
P08253	MMP2
O75509	TNFRSF21
Q9NX40	OCIAD1
Q9ULI0	ATAD2B
Q96LA8	PRMT6
Q08J23	NSUN2
Q03111	MLLT1
Q9BXS5	AP1M1
P35858	IGFALS
Q92878	RAD50
P34910	EVI2B
Q8TEU7	RAPGEF6
Q15051	IQCB1
P51178	PLCD1
P61204	ARF3
P18085	ARF4
Q14993	COL19A1
Q8WYL5	SSH1
Q6UXV4	APOOL
Q8TEW8	PARD3B
O15427	SLC16A3
P08138	NGFR
Q0IIM8	TBC1D8B
Q9BWF3	RBM4
P42345	MTOR
P25106	ACKR3
Q96QC0	PPP1R10
A2A3K4	PTPDC1
Q96T37	RBM15
P08708	RPS17
Q13464	ROCK1
Q9UHR4	BAIAP2L1
Q6NYC8	PPP1R18
P42224	STAT1
Q9NVN8	GNL3L
Q6IAA8	LAMTOR1
Q13123	IK
P98174	FGD1
P0C1Z6	TFPT
Q9NZL4	HSPBP1
Q6YHU6	THADA
Q99698	LYST
P61247	RPS3A
Q9H2P0	ADNP
Q9P2F8	SIPA1L2
Q16512	PKN1
O00472	ELL2
Q8WUA2	PPIL4
Q08AD1	CAMSAP2
Q96CV9	OPTN
Q8NI08	NCOA7
Q92539	LPIN2
Q86TV6	TTC7B
P23497	SP100
O96007	MOCS2
P62191	PSMC1
Q9NZN4	EHD2
O14672	ADAM10
Q13404	UBE2V1
Q8IXK0	PHC2
Q9GZT3	SLIRP
Q9ULH0	KIDINS220
Q9H425	C1orf198
Q99704	DOK1
Q8TBP0	TBC1D16
O43149	ZZEF1
P24821	TNC
P08910	ABHD2
Q15334	LLGL1
Q9UPI3	FLVCR2
Q13610	PWP1
Q6DN90	IQSEC1
Q00537	CDK17
Q07002	CDK18
Q9NS56	TOPORS
Q7Z7L8	C11orf96
Q9UJU6	DBNL
Q9Y5Q9	GTF3C3
O95069	KCNK2
Q658Y4	FAM91A1
Q5VVJ2	MYSM1
O60245	PCDH7
Q9UQB8	BAIAP2
Q9UNL2	SSR3
Q14241	ELOA
Q00587	CDC42EP1
O00559	EBAG9
Q7Z3K3	POGZ
Q5T5C0	STXBP5
Q96RR4	CAMKK2
Q49A26	GLYR1
Q9NQG5	RPRD1B
Q9NYJ8	TAB2
E7EW31	PROB1
P57737	CORO7
Q8N201	INTS1
Q15742	NAB2
Q9BTC8	MTA3
Q9HCE1	MOV10
Q96BY7	ATG2B
O14828	SCAMP3
Q9UGP4	LIMD1
Q08499	PDE4D
O94967	WDR47
Q8ND24	RNF214
Q6V0I7	FAT4
P40925	MDH1
Q8NEJ9	NGDN
Q9Y2H0	DLGAP4
Q9UPR0	PLCL2
Q86UE4	MTDH
Q9NRF8	CTPS2
Q9BST9	RTKN
Q15643	TRIP11
Q08334	IL10RB
Q63HR2	TNS2
Q5VUB5	FAM171A1
O95819	MAP4K4
P82094	TMF1
P21796	VDAC1
P45880	VDAC2
P53602	MVD
Q9NPB8	GPCPD1
P35240	NF2
Q13530	SERINC3
Q9NRX5	SERINC1
O60503	ADCY9
P56962	STX17
Q6VY07	PACS1
O43583	DENR
Q9UJM3	ERRFI1
Q96G23	CERS2
O95391	SLU7
Q9H7F0	ATP13A3
P78312	FAM193A
Q9Y4G2	PLEKHM1
P13807	GYS1
Q8NFA0	USP32
Q13620	CUL4B
Q9UH62	ARMCX3
Q14160	SCRIB
Q9NXE8	CWC25
P52564	MAP2K6
Q5HYI7	MTX3
P25116	F2R
Q6P5Q4	LMOD2
Q9Y2K7	KDM2A
Q8WYH8	ING5
O60812	HNRNPCL1
Q71F56	MED13L
P19237	TNNI1
Q7Z309	PABIR2
Q5VST9	OBSCN
Q2V2M9	FHOD3
Q8NE79	BVES
Q49MG5	MAP9
Q92930	RAB8B
O43818	RRP9
Q9NRH2	SNRK
P15336	ATF2
P20337	RAB3B
O60333	KIF1B
Q86U70	LDB1
O43493	TGOLN2
Q9NZU5	LMCD1
P31629	HIVEP2
Q8IYM9	TRIM22
Q9Y2H6	FNDC3A
Q9UBW7	ZMYM2
Q8N573	OXR1
P55036	PSMD4
Q9Y3Q3	TMED3
Q7L1Q6	BZW1
Q9NWC5	TMEM45A
O14613	CDC42EP2
O60315	ZEB2
Q8NC44	RETREG2
Q8N5G2	MACO1
P40855	PEX19
O15440	ABCC5
P13535	MYH8
Q96RN5	MED15
Q96HR8	NAF1
Q6P4E1	GOLM2
O94913	PCF11
Q86SF2	GALNT7
Q08999	RBL2
Q92628	KIAA0232
O60238	BNIP3L
O14495	PLPP3
Q08117	TLE5
Q9UIG8	SLCO3A1
Q14721	KCNB1
P51659	HSD17B4
Q14694	USP10
Q8WW12	PCNP
Q9NRY4	ARHGAP35
Q9Y5T5	USP16
Q92609	TBC1D5
P25098	GRK2
O75449	KATNA1
Q96Q15	SMG1
Q9BUA3	SPINDOC
Q14699	RFTN1
Q13033	STRN3
P57679	EVC
P17181	IFNAR1
Q8WWI1	LMO7
Q9UPN7	PPP6R1
P14868	DARS1
O95677	EYA4
Q08431	MFGE8
P17301	ITGA2
Q8N5F7	NKAP
Q07866	KLC1
Q14157	UBAP2L
Q9NZB2	FAM120A
Q99567	NUP88
Q13625	TP53BP2
Q9Y6M4	CSNK1G3
P09543	CNP
P23470	PTPRG
P30086	PEBP1
Q9NS62	THSD1
Q5TBA9	FRY
Q9Y2L5	TRAPPC8
Q96PZ0	PUS7
Q5SYE7	NHSL1
Q8TDY4	ASAP3
Q9Y5K6	CD2AP
Q9BWW4	SSBP3
P81877	SSBP2
Q8N1F8	STK11IP
Q96AT1	KIAA1143
Q12983	BNIP3
Q53EL6	PDCD4
O94763	URI1
Q8TDR0	TRAF3IP1
O75592	MYCBP2
O00522	KRIT1
Q6ZWT7	MBOAT2
Q96Q45	TMEM237
Q13203	MYBPH
P49790	NUP153
Q9Y385	UBE2J1
Q86XJ1	GAS2L3
Q15717	ELAVL1
Q96T58	SPEN
Q9H8M9	EVA1A
Q13480	GAB1
Q92734	TFG
Q9NW97	TMEM51
Q92598	HSPH1
Q9UKK3	PARP4
P54727	RAD23B
Q96FW1	OTUB1
O75400	PRPF40A
Q8WX93	PALLD
Q7Z3E5	ARMC9
P60174	TPI1
O75475	PSIP1
Q9BVG4	PBDC1
Q9C0H5	ARHGAP39
P13797	PLS3
Q9UHD8	SEPTIN9
P54259	ATN1
Q9BSL1	UBAC1
Q9BZZ5	API5
Q01433	AMPD2
Q6P3W7	SCYL2
Q2M2Z5	KIZ
P40818	USP8
Q03701	CEBPZ
Q6IC98	GRAMD4
O15173	PGRMC2
Q9Y570	PPME1
Q8NEY8	PPHLN1
Q8IYU2	HACE1
O75382	TRIM3
Q9NRG0	CHRAC1
Q8NHQ9	DDX55
Q9NZM3	ITSN2
Q8TCJ2	STT3B
P28827	PTPRM
Q93052	LPP
P16383	GCFC2
P30533	LRPAP1
Q92688	ANP32B
O43314	PPIP5K2
Q8NFH8	REPS2
Q05682	CALD1
Q96KP1	EXOC2
Q92738	USP6NL
Q7Z6J0	SH3RF1
Q14289	PTK2B
Q9P227	ARHGAP23
Q86XR7	TICAM2
Q9Y2K2	SIK3
Q92769	HDAC2
P62805	H4-16
P62805	H4C1
P62805	H4C11
P62805	H4C12
P62805	H4C13
P62805	H4C14
P62805	H4C15
P62805	H4C2
P62805	H4C3
P62805	H4C4
P62805	H4C5
P62805	H4C6
P62805	H4C8
P62805	H4C9
P16333	NCK1
O94808	GFPT2
Q12791	KCNMA1
P56945	BCAR1
Q9UK59	DBR1
Q9Y2U5	MAP3K2
Q9NZL6	RGL1
O75815	BCAR3
Q6ZS30	NBEAL1
Q9H7D7	WDR26
P11171	EPB41
Q8IW52	SLITRK4
P35222	CTNNB1
Q9Y4F9	RIPOR2
O43318	MAP3K7
P41208	CETN2
A2RRP1	NBAS
Q16825	PTPN21
P20020	ATP2B1
O00505	KPNA3
Q9UPN4	CEP131
Q68EM7	ARHGAP17
Q9C040	TRIM2
P55198	MLLT6
Q7Z5K2	WAPL
Q96PU4	UHRF2
Q5VWG9	TAF3
P57682	KLF3
Q8IZ21	PHACTR4
Q12996	CSTF3
Q9BTL3	RAMAC
E9PB15	PTGES3L
O15047	SETD1A
Q96T17	MAP7D2
Q9BZX2	UCK2
O00410	IPO5
Q13905	RAPGEF1
Q9BY89	KIAA1671
Q9BZF9	UACA
Q9UL01	DSE
Q09161	NCBP1
P18754	RCC1
Q15287	RNPS1
Q86W92	PPFIBP1
Q14669	TRIP12
O94880	PHF14
Q7Z2E3	APTX
Q96L34	MARK4
Q92466	DDB2
Q86VX9	MON1A
Q5VZK9	CARMIL1
Q7RTP6	MICAL3
Q9BUQ8	DDX23
Q4G0J3	LARP7
Q9UJF2	RASAL2
P42696	RBM34
Q9UKJ3	GPATCH8
Q96B36	AKT1S1
O95232	LUC7L3
Q9ULV3	CIZ1
Q9C0B1	FTO
Q14C86	GAPVD1
O60343	TBC1D4
Q9BRS8	LARP6
P22087	FBL
Q96II8	LRCH3
P50548	ERF
Q96NW7	LRRC7
Q01650	SLC7A5
Q8N2F6	ARMC10
Q92934	BAD
Q96GP6	SCARF2
P50542	PEX5
Q9UKF7	PITPNC1
Q9GZM8	NDEL1
O15056	SYNJ2
Q7LBC6	KDM3B
Q86YV5	PRAG1
Q9Y3M2	CBY1
Q9H2K8	TAOK3
O60930	RNASEH1
Q9HC56	PCDH9
O75140	DEPDC5
Q8N111	CEND1
A8MT19	RHPN2P1
P05556	ITGB1
P51825	AFF1
Q86X02	CDR2L
Q8NG08	HELB
Q9H2L5	RASSF4
Q6IQ26	DENND5A
Q9UBF8	PI4KB
Q96FJ0	STAMBPL1
P15884	TCF4
Q07960	ARHGAP1
O94992	HEXIM1
Q9UPN9	TRIM33
P08865	RPSA
O15013	ARHGEF10
Q16637	SMN1
Q16637	SMN2
Q15884	FAM189A2
Q9Y608	LRRFIP2
O00470	MEIS1
Q9BQK8	LPIN3
Q6ZUT9	DENND5B
Q9Y2H2	INPP5F
P43005	SLC1A1
Q4AC94	C2CD3
Q99958	FOXC2
O15234	CASC3
Q6PID6	TTC33
O94827	PLEKHG5
P30279	CCND2
O75153	CLUH
Q9Y3R5	DOP1B
Q7Z5P9	MUC19
P52701	MSH6
Q9UN42	ATP1B4
P63316	TNNC1
P43007	SLC1A4
Q76N32	CEP68
Q96PL5	ERMAP
A7KAX9	ARHGAP32
Q08211	DHX9
Q9Y2D5	AKAP2
P48444	ARCN1
Q9NSY1	BMP2K
Q14112	NID2
O75044	SRGAP2
Q5JTV8	TOR1AIP1
Q13362	PPP2R5C
Q14738	PPP2R5D
Q9NRA0	SPHK2
P43121	MCAM
Q9BXK5	BCL2L13
Q5HYW2	NHSL2
Q9Y2D4	EXOC6B
Q66GS9	CEP135
Q96L92	SNX27
Q15040	JOSD1
Q9BYW2	SETD2
Q92574	TSC1
P08473	MME
O95297	MPZL1
P40227	CCT6A
Q9NQ75	CASS4
O15164	TRIM24
Q5JXC2	MIIP
P78536	ADAM17
P18206	VCL
Q9P0U3	SENP1
Q27J81	INF2
P09382	LGALS1
Q3SY69	ALDH1L2
Q5T5P2	KIAA1217
P27987	ITPKB
Q96AQ6	PBXIP1
O75064	DENND4B
P08651	NFIC
O60447	EVI5
Q96AJ1	CLUAP1
Q9H706	GAREM1
P0CAP2	POLR2M
P98082	DAB2
Q99523	SORT1
Q15555	MAPRE2
P40189	IL6ST
Q6ICG6	KIAA0930
Q2PPJ7	RALGAPA2
O43293	DAPK3
P40123	CAP2
O75971	SNAPC5
Q96QD8	SLC38A2
Q14938	NFIX
Q14684	RRP1B
Q8TAT6	NPLOC4
Q96HP0	DOCK6
Q9UBT2	UBA2
P62826	RAN
O00429	DNM1L
Q08170	SRSF4
Q7Z422	SZRD1
P28290	ITPRID2
Q6P3S1	DENND1B
Q9UBM7	DHCR7
Q7Z5H3	ARHGAP22
Q8WWN8	ARAP3
Q9HCH5	SYTL2
Q8ND76	CCNY
Q96B18	DACT3
Q01970	PLCB3
Q15075	EEA1
O75976	CPD
Q9UBS9	SUCO
Q14764	MVP
Q96NN9	AIFM3
Q53HC0	CCDC92
Q13185	CBX3
O15155	BET1
Q9BZE9	ASPSCR1
Q9Y2X7	GIT1
O95292	VAPB
Q9NQC7	CYLD
Q99650	OSMR
Q8NHQ8	RASSF8
P18615	NELFE
Q92997	DVL3
Q8TEW0	PARD3
Q9H694	BICC1
Q53SF7	COBLL1
Q99614	TTC1
Q5UIP0	RIF1
Q8N7R7	CCNYL1
Q9BZ71	PITPNM3
P06400	RB1
Q9BWH2	FUNDC2
Q5T1M5	FKBP15
P31321	PRKAR1B
Q9P0V3	SH3BP4
Q8TDY8	IGDCC4
Q9Y4F1	FARP1
A2RU67	FAM234B
Q9Y3Q8	TSC22D4
Q01130	SRSF2
Q14774	HLX
Q9Y6R4	MAP3K4
Q00653	NFKB2
Q14242	SELPLG
Q6P1R3	MSANTD2
P35658	NUP214
Q9BTE7	DCUN1D5
Q92793	CREBBP
Q9NP66	HMG20A
Q7L804	RAB11FIP2
Q92540	SMG7
Q15036	SNX17
Q9BVC5	C2orf49
P15056	BRAF
Q9C0A6	SETD5
Q13129	RLF
Q99759	MAP3K3
Q15139	PRKD1
Q8WVT3	TRAPPC12
A6NGB9	WIPF3
Q5M775	SPECC1
Q96JP5	ZFP91
O00499	BIN1
O60890	OPHN1
Q8N6T3	ARFGAP1
Q9NWQ4	GPATCH2L
Q8TB45	DEPTOR
Q9HCU0	CD248
Q8WY36	BBX
Q9Y3C5	RNF11
P28370	SMARCA1
Q8N8S7	ENAH
Q9BZL4	PPP1R12C
Q15776	ZKSCAN8
P10636	MAPT
P15880	RPS2
Q6VN20	RANBP10
Q96F86	EDC3
Q9H0X4	FAM234A
P23142	FBLN1
Q9H063	MAF1
Q92900	UPF1
Q9Y4D2	DAGLA
Q96MT3	PRICKLE1
Q9ULH1	ASAP1
Q5JSL3	DOCK11
Q9BYG3	NIFK
Q13164	MAPK7
Q14185	DOCK1
Q15751	HERC1
Q9P2T1	GMPR2
Q9H0G5	NSRP1
Q9H6S0	YTHDC2
Q96HH9	GRAMD2B
P49918	CDKN1C
Q02543	RPL18A
Q6ULP2	AFTPH
Q3KR37	GRAMD1B
Q8N7B6	PACRGL
O43768	ENSA
P13716	ALAD
Q13191	CBLB
Q9BWG4	SSBP4
Q9UGU5	HMGXB4
Q8WVR3	TRAPPC14
Q15057	ACAP2
Q6FI81	CIAPIN1
Q12849	GRSF1
Q96ER3	SAAL1
Q96T83	SLC9A7
Q8N8E3	CEP112
Q96Q42	ALS2
Q13283	G3BP1
Q8N4U5	TCP11L2
Q9Y5U2	TSSC4
Q9UPT5	EXOC7
Q8N568	DCLK2
P50552	VASP
Q9BZV2	SLC19A3
Q86WC4	OSTM1
Q8IWT6	LRRC8A
Q7L0Y3	TRMT10C
Q2TBE0	CWF19L2
P62491	RAB11A
O95394	PGM3
Q13522	PPP1R1A
Q92521	PIGB
Q86WG5	SBF2
P24588	AKAP5
Q9UN86	G3BP2
Q96IZ0	PAWR
P68104	EEF1A1
Q6P995	FAM171B
Q9Y6D6	ARFGEF1
P20962	PTMS
Q12857	NFIA
Q8IVH8	MAP4K3
Q9UGI9	PRKAG3
Q9NUN5	LMBRD1
Q96C24	SYTL4
Q9P270	SLAIN2
Q5HYK7	SH3D19
Q8TB52	FBXO30
Q6P6C2	ALKBH5
Q9UHI6	DDX20
Q9UBU9	NXF1
Q14141	SEPTIN6
P55265	ADAR
P63104	YWHAZ
Q8IWS0	PHF6
Q9UF11	PLEKHB1
Q9H987	SYNPO2L
Q86UU0	BCL9L
Q13206	DDX10
Q8TEH3	DENND1A
Q86UX7	FERMT3
Q92859	NEO1
Q9NTX5	ECHDC1
P40425	PBX2
O00303	EIF3F
Q9Y3D3	MRPS16
Q15170	TCEAL1
Q9BQ70	TCF25
P13611	VCAN
Q9UJX6	ANAPC2
Q9HAV4	XPO5
Q8WZA1	POMGNT1
Q9UHK0	NUFIP1
Q9UEW8	STK39
Q9BV40	VAMP8
Q4KMP7	TBC1D10B
Q8WVV9	HNRNPLL
Q9NWS9	ZNF446
O94864	SUPT7L
P05114	HMGN1
Q8NCF5	NFATC2IP
Q9UQK1	PPP1R3C
P51809	VAMP7
P10070	GLI2
Q9ULJ3	ZBTB21
Q9Y5P4	CERT1
Q86VP3	PACS2
Q7Z2K8	GPRIN1
B3KU38	IQCJ-SCHIP1
Q9BQI5	SGIP1
Q9Y2K3	MYH15
O43159	RRP8
Q15293	RCN1
Q9Y6N7	ROBO1
Q7Z4Q2	HEATR3
Q8IUD2	ERC1
Q96FV9	THOC1
Q9UPT8	ZC3H4
Q14202	ZMYM3
Q9H3P7	ACBD3
O00712	NFIB
P37837	TALDO1
P32519	ELF1
P18887	XRCC1
Q9H3P2	NELFA
Q8IZP0	ABI1
Q9BPX3	NCAPG
O95425	SVIL
Q9UPU5	USP24
P49915	GMPS
Q9NW82	WDR70
B2RTY4	MYO9A
Q9NVR2	INTS10
Q5JT25	RAB41
Q6PFW1	PPIP5K1
Q04759	PRKCQ
Q9Y6M5	SLC30A1
Q9Y6I3	EPN1
Q9Y6Q9	NCOA3
Q96A49	SYAP1
Q9NQ66	PLCB1
Q96DZ5	CLIP3
O75385	ULK1
Q8NF91	SYNE1
O60264	SMARCA5
P23634	ATP2B4
Q9H5H4	ZNF768
Q9UNF0	PACSIN2
Q6P1Q9	METTL2B
Q8N264	ARHGAP24
O60669	SLC16A7
A4UGR9	XIRP2
Q9UKK9	NUDT5
Q9H7C4	SYNC
Q9NQZ2	UTP3
Q9H910	JPT2
P35580	MYH10
Q92541	RTF1
Q96MH2	HEXIM2
Q9Y2Q0	ATP8A1
Q86XL3	ANKLE2
Q2M389	WASHC4
Q86UP3	ZFHX4
P51003	PAPOLA
Q9Y5J1	UTP18
P42356	PI4KA
Q13188	STK3
Q8TDX7	NEK7
Q9UBV2	SEL1L
Q96MY1	NOL4L
Q7KZI7	MARK2
O95104	SCAF4
Q13009	TIAM1
O95183	VAMP5
P53814	SMTN
Q9H422	HIPK3
Q6GYQ0	RALGAPA1
Q9Y2G8	DNAJC16
Q7Z2W4	ZC3HAV1
P06576	ATP5F1B
Q8WUI4	HDAC7
O15084	ANKRD28
Q16555	DPYSL2
Q13976	PRKG1
Q13237	PRKG2
Q8WXF7	ATL1
O94915	FRYL
P05186	ALPL
P48651	PTDSS1
Q9UKX7	NUP50
Q6ZSS7	MFSD6
Q5TF58	IFFO2
Q8IXM2	BAP18
P56181	NDUFV3
O00244	ATOX1
P41250	GARS1
Q9P0P8	MTRES1
Q9NWB7	IFT57
Q9BRK5	SDF4
Q96P16	RPRD1A
O95674	CDS2
Q07955	SRSF1
Q9NPC6	MYOZ2
P14921	ETS1
O15258	RER1
Q9BQE9	BCL7B
P17936	IGFBP3
Q9H5J0	ZBTB3
P30414	NKTR
P15260	IFNGR1
Q8IZ73	RPUSD2
Q86WR0	CCDC25
Q12767	TMEM94
O95644	NFATC1
Q96E39	RBMXL1
P38159	RBMX
Q9ULL0	KIAA1210
P22681	CBL
P05067	APP
O15357	INPPL1
P16615	ATP2A2
O95721	SNAP29
Q96IG2	FBXL20
Q9UKC9	FBXL2
O14730	RIOK3
Q92954	PRG4
Q9H013	ADAM19
P17252	PRKCA
O00299	CLIC1
P11277	SPTB
Q8TD55	PLEKHO2
Q8TEV9	SMCR8
Q9Y2U8	LEMD3
Q8WWQ0	PHIP
Q9NZ09	UBAP1
Q9NV56	MRGBP
P12277	CKB
O14737	PDCD5
Q16658	FSCN1
Q12802	AKAP13
Q7KZF4	SND1
P35716	SOX11
Q6P9G4	TMEM154
O95817	BAG3
Q9NQ84	GPRC5C
Q9Y606	PUS1
P42684	ABL2
Q8IXJ6	SIRT2
Q92945	KHSRP
Q9Y666	SLC12A7
Q8IZL8	PELP1
O60488	ACSL4
Q8N3C0	ASCC3
Q9P2D3	HEATR5B
Q9BZC7	ABCA2
O75052	NOS1AP
O00443	PIK3C2A
Q68DK2	ZFYVE26
O14497	ARID1A
Q06190	PPP2R3A
Q9H6A9	PCNX3
Q9ULT8	HECTD1
Q16760	DGKD
Q96E09	PABIR1
Q9Y3E7	CHMP3
Q8IZD0	SAMD14
Q6UN15	FIP1L1
O95793	STAU1
Q8NC96	NECAP1
P00338	LDHA
Q14151	SAFB2
Q8N302	AGGF1
Q9Y6Y8	SEC23IP
P18433	PTPRA
Q7Z460	CLASP1
Q7L2H7	EIF3M
O00151	PDLIM1
P29972	AQP1
O75369	FLNB
Q86VQ1	GLCCI1
Q14194	CRMP1
Q6P1L5	FAM117B
P51610	HCFC1
P05023	ATP1A1
O00418	EEF2K
Q13433	SLC39A6
Q8WYQ5	DGCR8
Q04323	UBXN1
P62136	PPP1CA
Q14644	RASA3
Q9UBT7	CTNNAL1
P00568	AK1
Q14192	FHL2
Q9C0H2	TTYH3
Q9NYB0	TERF2IP
P83436	COG7
Q13496	MTM1
P10301	RRAS
Q9NYL2	MAP3K20
P62140	PPP1CB
P46108	CRK
P07947	YES1
Q05D32	CTDSPL2
P24928	POLR2A
O60437	PPL
Q96A57	TMEM230
Q8TCZ2	CD99L2
Q7Z3G6	PRICKLE2
O94762	RECQL5
Q8N9T8	KRI1
Q9NWW5	CLN6
Q15326	ZMYND11
Q5VZM2	RRAGB
O95935	TBX18
Q8TDC3	BRSK1
Q92630	DYRK2
Q9BRK4	LZTS2
Q86SQ6	ADGRA1
Q9UBB5	MBD2
P09496	CLTA
Q5PRF9	SAMD4B
Q9P2Q2	FRMD4A
Q15018	ABRAXAS2
Q9H4A6	GOLPH3
Q9P2G1	ANKIB1
Q9NZQ3	NCKIPSD
Q86U86	PBRM1
Q12988	HSPB3
O00116	AGPS
Q9UKM9	RALY
Q9H1K1	ISCU
P19532	TFE3
Q9BUU2	METTL22
Q8N350	CBARP
O60291	MGRN1
Q9Y2J4	AMOTL2
Q9NSK0	KLC4
Q9ULQ0	STRIP2
P41970	ELK3
O15127	SCAMP2
Q8N5S9	CAMKK1
Q29RF7	PDS5A
A6NIX2	WTIP
P49768	PSEN1
Q9UFC0	LRWD1
O94819	KBTBD11
Q9HB09	BCL2L12
O95685	PPP1R3D
Q9NWZ5	UCKL1
O43290	SART1
Q9NR34	MAN1C1
Q9Y2Y9	KLF13
Q96C19	EFHD2
P09603	CSF1
O95402	MED26
P34925	RYK
O75569	PRKRA
P78356	PIP4K2B
Q9BU76	MMTAG2
Q96JK2	DCAF5
Q7L3B6	CDC37L1
P29590	PML
Q9BRK3	MXRA8
Q7Z406	MYH14
Q9NR19	ACSS2
P56696	KCNQ4
Q8WU90	ZC3H15
Q2KJY2	KIF26B
Q6ZUT6	CCDC9B
Q8IX15	HOMEZ
Q96PC5	MIA2
P38432	COIL
Q9ULL8	SHROOM4
O75362	ZNF217
P15923	TCF3
Q9UJW0	DCTN4
Q9NY61	AATF
Q96JY6	PDLIM2
P10916	MYL2
Q2YD98	UVSSA
Q6IQ22	RAB12
Q9ULU8	CADPS
Q9H6H4	REEP4
Q03252	LMNB2
Q6UWH4	GASK1B
P20700	LMNB1
Q9H6F5	CCDC86
P09455	RBP1
Q8NDX6	ZNF740
Q1RMZ1	BMT2
O95456	PSMG1
O43861	ATP9B
Q8NFJ5	GPRC5A
P78314	SH3BP2
Q9UBP6	METTL1
P46937	YAP1
Q7Z3C6	ATG9A
Q8N8Z6	DCBLD1
Q9BSQ5	CCM2
Q9Y6D9	MAD1L1
Q9NQG6	MIEF1
Q00987	MDM2
O14795	UNC13B
P83731	RPL24
Q96MU7	YTHDC1
Q9H9D4	ZNF408
Q9UIS9	MBD1
P55884	EIF3B
Q9NR45	NANS
Q8TC76	FAM110B
Q6ZSY5	PPP1R3F
Q96PE1	ADGRA2
O43516	WIPF1
O14924	RGS12
P04637	TP53
Q8N6T7	SIRT6
Q07912	TNK2
O14545	TRAFD1
Q8NAC3	IL17RC
P46940	IQGAP1
P48960	ADGRE5
Q8N3E9	PLCD3
O43822	CFAP410
O75420	GIGYF1
Q96JN8	NEURL4
O15417	TNRC18
P04920	SLC4A2
Q9H4L5	OSBPL3
P11532	DMD
Q9Y383	LUC7L2
Q14524	SCN5A
Q86XP3	DDX42
Q9P2P5	HECW2
O15530	PDPK1
O43306	ADCY6
Q9UKI2	CDC42EP3
Q14153	FAM53B
Q8IWZ3	ANKHD1
Q6EEV4	POLR2M
O00459	PIK3R2
P46379	BAG6
Q9HA65	TBC1D17
Q86UW9	DTX2
Q15642	TRIP10
O95801	TTC4
O94964	SOGA1
P20749	BCL3
Q0VG06	FAAP100
Q86WR7	PROSER2
Q15345	LRRC41
Q86YR5	GPSM1
Q9BUT9	MCRIP2
P02511	CRYAB
Q8TAP8	PPP1R35
Q9UBS0	RPS6KB2
Q8N137	CNTROB
Q7Z7A4	PXK
O00231	PSMD11
P56524	HDAC4
Q4L180	FILIP1L
Q9BRZ2	TRIM56
Q96P48	ARAP1
Q5C9Z4	NOM1
Q86X53	ERICH1
Q13627	DYRK1A
Q99501	GAS2L1
P25325	MPST
O00291	HIP1
O14558	HSPB6
O60936	NOL3
P27708	CAD
Q7L7X3	TAOK1
Q9H0K1	SIK2
A0A0B4J2F2	SIK1B
Q8IY26	PLPP6
Q8TAF3	WDR48
P54578	USP14
Q6NXT1	ANKRD54
Q8ND25	ZNRF1
Q9BVG9	PTDSS2
O60381	HBP1
Q969K3	RNF34
Q8WZ73	RFFL
O94826	TOMM70
O75143	ATG13
Q99500	S1PR3
Q9H0E3	SAP130
Q92543	SNX19
P15822	HIVEP1
P08913	ADRA2A
Q9BZ23	PANK2
Q9BV36	MLPH
Q9UI08	EVL
Q15477	SKIV2L
Q16513	PKN2
Q96SB3	PPP1R9B
Q13614	MTMR2
Q9NSU2	TREX1
A1L170	C1orf226
P52735	VAV2
Q99653	CHP1
Q969Z0	TBRG4
Q96GS4	BORCS6
Q8N684	CPSF7
Q9BXB5	OSBPL10
Q7L591	DOK3
Q96G74	OTUD5
Q96S44	TP53RK
P54725	RAD23A
Q7Z4H7	HAUS6
Q86TB9	PATL1
Q9BYX2	TBC1D2
O43524	FOXO3
Q9BVN2	RUSC1
Q9P275	USP36
Q6PJI9	WDR59
Q96A73	KIAA1191
O00512	BCL9
Q15131	CDK10
P17676	CEBPB
Q9H1Z4	WDR13
P50613	CDK7
P42694	HELZ
Q147X3	NAA30
Q9Y259	CHKB
Q9H9J4	USP42
Q9BTA9	WAC
Q96PU8	QKI
O43639	NCK2
P17275	JUNB
Q6DD88	ATL3
Q2VPK5	CTU2
Q13823	GNL2
O75794	CDC123
Q9Y2W2	WBP11
Q8IY17	PNPLA6
Q9H0X9	OSBPL5
Q96M96	FGD4
Q8NE62	CHDH
Q8IVM0	CCDC50
Q9H3E2	SNX25
Q6ZW31	SYDE1
Q9Y6G9	DYNC1LI1
Q96AM1	MRGPRF
Q92888	ARHGEF1
Q15084	PDIA6
Q58WW2	DCAF6
P31942	HNRNPH3
Q8NCP5	ZBTB44
P06241	FYN
Q99816	TSG101
Q18PE1	DOK7
Q15361	TTF1
Q96EV8	DTNBP1
Q15696	ZRSR2
Q9P2N6	KANSL3
P19419	ELK1
Q6PJF5	RHBDF2
P78504	JAG1
Q96S90	LYSMD1
Q9BTK6	PAGR1
Q96RL1	UIMC1
Q6P158	DHX57
Q9P2D0	IBTK
Q8TBE0	BAHD1
P49590	HARS2
Q86WN1	FCHSD1
Q70EK8	USP53
Q6ZNE5	ATG14
Q6PJT7	ZC3H14
Q14517	FAT1
Q96S82	UBL7
Q5VWJ9	SNX30
Q96EY5	MVB12A
Q6ZRP7	QSOX2
P27348	YWHAQ
Q9UJY1	HSPB8
O95782	AP2A1
O60516	EIF4EBP3
P49116	NR2C2
Q9NPG3	UBN1
Q9UDY4	DNAJB4
O95758	PTBP3
Q8NHG8	ZNRF2
Q96D46	NMD3
Q9NZJ4	SACS
Q8IWU2	LMTK2
Q96KR1	ZFR
Q9H6R7	WDCP
Q2TAM9	TUSC1
Q96QR8	PURB
Q14671	PUM1
A8MVW0	FAM171A2
O95490	ADGRL2
Q8N3K9	CMYA5
Q8IWE5	PLEKHM2
Q8NB14	USP38
Q9HD20	ATP13A1
Q9HC78	ZBTB20
Q92623	TTC9
O95487	SEC24B
P46109	CRKL
Q96CC6	RHBDF1
Q16706	MAN2A1
P57768	SNX16
Q07092	COL16A1
P17812	CTPS1
P36915	GNL1
P18031	PTPN1
O00267	SUPT5H
Q6ZW76	ANKS3
Q8NCJ5	SPRYD3
Q15417	CNN3
Q8WU17	RNF139
Q01201	RELB
O75190	DNAJB6
Q96C57	CUSTOS
Q8IX01	SUGP2
Q969R5	L3MBTL2
Q9ULI3	HEG1
O14745	SLC9A3R1
Q6ZVH7	ESPNL
P54253	ATXN1
P17029	ZKSCAN1
O60884	DNAJA2
Q96D09	GPRASP2
Q9BVP2	GNL3
P10644	PRKAR1A
P29317	EPHA2
Q6TFL4	KLHL24
Q13563	PKD2
O43150	ASAP2
P51991	HNRNPA3
Q9ULL4	PLXNB3
Q9NZ56	FMN2
Q99996	AKAP9
Q9H6Y2	WDR55
P0C264	SBK3
Q9NTJ3	SMC4
Q02156	PRKCE
Q14195	DPYSL3
Q9NQ29	LUC7L
Q01995	TAGLN
Q9BUR4	WRAP53
P13796	LCP1
Q96EI5	TCEAL4
P55291	CDH15
Q15007	WTAP
Q8TF74	WIPF2
P78524	DENND2B
Q9H6U6	BCAS3
Q6P3S6	FBXO42
O96019	ACTL6A
Q01167	FOXK2
Q13098	GPS1
Q9H8M2	BRD9
Q12986	NFX1
Q6UXF1	TMEM108
Q92889	ERCC4
Q86U06	RBM23
Q96GF1	RNF185
Q9UPX8	SHANK2
P29353	SHC1
O95071	UBR5
O14950	MYL12B
P30050	RPL12
Q9P0B6	CCDC167
P47756	CAPZB
Q8IUW3	SPATA2L
P0DJ93	SMIM13
O60341	KDM1A
Q13049	TRIM32
Q16630	CPSF6
Q92917	GPKOW
P15151	PVR
Q9NPE2	NGRN
Q96AY4	TTC28
Q9NQS1	AVEN
O60749	SNX2
Q96J84	KIRREL1
Q96PV6	LENG8
Q7Z333	SETX
P06756	ITGAV
Q9ULH7	MRTFB
Q96PY6	NEK1
Q9Y2B1	RXYLT1
Q92615	LARP4B
Q53GS9	USP39
Q8WUQ7	CACTIN
Q9Y2V2	CARHSP1
Q92841	DDX17
Q7Z589	EMSY
Q8NAF0	ZNF579
Q6UY14	ADAMTSL4
Q96JE7	SEC16B
Q9Y6P5	SESN1
Q9H4B6	SAV1
Q5T0N5	FNBP1L
O14980	XPO1
O43301	HSPA12A
Q969E8	TSR2
O95361	TRIM16
Q02297	NRG1
Q7L8J4	SH3BP5L
P61619	SEC61A1
Q13043	STK4
Q9Y388	RBMX2
O60292	SIPA1L3
Q8WYP5	AHCTF1
Q76FK4	NOL8
Q68D10	SPTY2D1
Q8NBU5	ATAD1
Q09019	DMWD
Q969S2	NEIL2
Q4G0F5	VPS26B
Q9Y4P1	ATG4B
O43488	AKR7A2
Q15233	NONO
Q9Y3T6	R3HCC1
P61026	RAB10
Q13085	ACACA
Q01664	TFAP4
Q13618	CUL3
Q6MZQ0	PRR5L
Q8IXT5	RBM12B
Q8WXF1	PSPC1
P50479	PDLIM4
P51149	RAB7A
Q96S66	CLCC1
Q13286	CLN3
P37173	TGFBR2
P18669	PGAM1
Q9NYF3	FAM53C
P78344	EIF4G2
Q9NRG9	AAAS
A6NK97	SLC22A20P
Q01196	RUNX1
Q13636	RAB31
O75508	CLDN11
Q9H3S7	PTPN23
Q4G0W2	DUSP28
Q9UEG4	ZNF629
Q15435	PPP1R7
Q5JU85	IQSEC2
P49674	CSNK1E
Q9NQ92	COPRS
Q5SRE5	NUP188
P48730	CSNK1D
Q96IF1	AJUBA
Q5VTQ0	TTC39B
O60678	PRMT3
Q15582	TGFBI
Q96ST3	SIN3A
Q9NVN3	RIC8B
Q7Z7N9	TMEM179B
P12111	COL6A3
Q9P1Z2	CALCOCO1
Q9HCL0	PCDH18
Q7L4E1	MIGA2
Q9BVT8	TMUB1
O00541	PES1
Q9HD26	GOPC
Q9H330	TMEM245
Q9P212	PLCE1
P21860	ERBB3
Q9NQG7	HPS4
P22626	HNRNPA2B1
P35555	FBN1
Q9NXC5	MIOS
Q99081	TCF12
Q9UJK0	TSR3
Q9ULL5	PRR12
P08621	SNRNP70
Q9BRQ0	PYGO2
Q96LD4	TRIM47
P30419	NMT1
Q9NZM4	BICRA
Q13144	EIF2B5
O94776	MTA2
Q96CP6	GRAMD1A
Q6GQQ9	OTUD7B
Q9NXV6	CDKN2AIP
Q9Y6R9	CCDC61
Q96RV3	PCNX1
Q53GG5	PDLIM3
Q9NPQ8	RIC8A
Q9NVS9	PNPO
Q9UEE5	STK17A
Q92994	BRF1
Q9Y6F6	IRAG1
P52756	RBM5
Q9NRF2	SH2B1
P83876	TXNL4A
P12268	IMPDH2
Q9NZN8	CNOT2
Q5VT52	RPRD2
P06733	ENO1
Q15758	SLC1A5
Q96A00	PPP1R14A
Q96MG7	NSMCE3
Q13573	SNW1
P04792	HSPB1
Q96KG7	MEGF10
O14920	IKBKB
Q7Z434	MAVS
Q8IZJ1	UNC5B
Q13242	SRSF9
Q9UIF9	BAZ2A
Q9H1I8	ASCC2
Q8WXI9	GATAD2B
Q01813	PFKP
Q9BUJ2	HNRNPUL1
P11274	BCR
Q96SB4	SRPK1
P0DPB5	POLR1D
Q99623	PHB2
O60547	GMDS
P22694	PRKACB
Q6UX71	PLXDC2
Q9Y6W5	WASF2
Q5VYS4	MEDAG
Q9BUZ4	TRAF4
Q32MK0	MYLK3
O43847	NRDC
Q562E7	WDR81
Q13671	RIN1
O00562	PITPNM1
Q6PJG6	BRAT1
P10398	ARAF
Q6NWY9	PRPF40B
Q7L2E3	DHX30
Q99576	TSC22D3
P15408	FOSL2
Q13613	MTMR1
O95759	TBC1D8
Q2M1K9	ZNF423
Q9H7P9	PLEKHG2
O60565	GREM1
P45974	USP5
P08240	SRPRA
P0C7T5	ATXN1L
Q9NUY8	TBC1D23
P28066	PSMA5
Q96G01	BICD1
Q9P273	TENM3
O95633	FSTL3
Q96LW7	CARD19
Q9H5N1	RABEP2
Q8IZQ1	WDFY3
P31948	STIP1
Q96S15	WDR24
Q9P2K8	EIF2AK4
Q6XZF7	DNMBP
P33527	ABCC1
Q9BQ39	DDX50
Q53ET0	CRTC2
P86791	CCZ1
O14641	DVL2
Q07889	SOS1
Q9Y4B6	DCAF1
Q9P2K3	RCOR3
Q96RY7	IFT140
Q8WXF0	SRSF12
Q8N961	ABTB2
Q9H7M9	VSIR
P53365	ARFIP2
Q9HBF4	ZFYVE1
O75607	NPM3
Q9C0E2	XPO4
Q9HB19	PLEKHA2
Q8NAV1	PRPF38A
Q8WVK2	SNRNP27
Q13642	FHL1
P98196	ATP11A
Q14667	KIAA0100
P35499	SCN4A
Q07954	LRP1
O60256	PRPSAP2
Q86XN8	MEX3D
Q9NR12	PDLIM7
O94921	CDK14
P16234	PDGFRA
O75157	TSC22D2
Q6ZU35	CRACD
O95210	STBD1
Q07352	ZFP36L1
Q9NYB9	ABI2
P27105	STOM
Q13443	ADAM9
P13984	GTF2F2
Q13547	HDAC1
P27361	MAPK3
Q9UD71	PPP1R1B
P22234	PAICS
P16298	PPP3CB
Q5TDH0	DDI2
Q15831	STK11
O60443	GSDME
P07741	APRT
Q16832	DDR2
Q9Y2S7	POLDIP2
O75161	NPHP4
Q14137	BOP1
Q8IX21	SLF2
P12694	BCKDHA
Q14156	EFR3A
Q7Z2X4	PID1
Q86T03	PIP4P1
Q9BSW2	CRACR2A
P35251	RFC1
P36578	RPL4
P13639	EEF2
Q9UM11	FZR1
P14859	POU2F1
P18621	RPL17
Q9BZG1	RAB34
A1IGU5	ARHGEF37
O60934	NBN
O60701	UGDH
P49841	GSK3B
Q9NTI2	ATP8A2
Q96J66	ABCC11
Q6ZP82	CCDC141
P08134	RHOC
Q8WUX9	CHMP7
O14867	BACH1
Q03393	PTS
P19174	PLCG1
O75324	SNN
Q86VF7	NRAP
Q9Y4K4	MAP4K5
Q5JWF2	GNAS
Q15063	POSTN
O75864	PPP1R37
P07437	TUBB
Q9UBP9	GULP1
Q16584	MAP3K11
Q15388	TOMM20
Q9UGJ0	PRKAG2
Q00872	MYBPC1
O14494	PLPP1
O94851	MICAL2
O00444	PLK4
Q86TN4	TRPT1
Q6ZRI6	C15orf39
P56211	ARPP19
Q8WX92	NELFB
P34741	SDC2
P36507	MAP2K2
P17096	HMGA1
Q9Y597	KCTD3
P48556	PSMD8
Q9BWT3	PAPOLG
Q9BUH6	PAXX
O95149	SNUPN
Q96A19	CCDC102A
Q96LY2	CCDC74B
Q15773	MLF2
Q2KHR2	RFX7
Q8TCG2	PI4K2B
Q8WXG6	MADD
Q13057	COASY
Q8N8G2	VGLL2
O95980	RECK
Q5T749	KPRP
Q9P013	CWC15
Q9P2E5	CHPF2
P54821	PRRX1
Q12841	FSTL1
Q9Y2F5	ICE1
Q9P225	DNAH2
O95873	C6orf47
Q86US8	SMG6
Q99959	PKP2
Q96CB8	INTS12
Q08378	GOLGA3
Q9H3C7	GGNBP2
Q9P035	HACD3
Q12774	ARHGEF5
Q9H3M7	TXNIP
P38936	CDKN1A
Q86U90	YRDC
Q6UUV7	CRTC3
Q9UNE7	STUB1
Q9NX74	DUS2
Q14573	ITPR3
Q9C086	INO80B
Q14558	PRPSAP1
O95248	SBF1
Q6ZV89	SH2D5
Q9ULC8	ZDHHC8
Q9NVM1	EVA1B
P22105	TNXB
Q9P2H5	USP35
Q8N6R0	METTL13
O00178	GTPBP1
Q9BZF2	OSBPL7
Q9H832	UBE2Z
Q96F44	TRIM11
Q12769	NUP160
Q9HCM3	KIAA1549
Q9C004	SPRY4
O60231	DHX16
P08648	ITGA5
Q8N357	SLC35F6
Q8IY22	CMIP
Q5SQI0	ATAT1
Q52LR7	EPC2
Q7L5A3	FAM214B
A6ND36	FAM83G
Q8N6N3	C1orf52
Q9BU19	ZNF692
Q15596	NCOA2
P04626	ERBB2
Q9NXH8	TOR4A
Q96F63	CCDC97
O75448	MED24
O76024	WFS1
Q9ULF5	SLC39A10
Q5T8P6	RBM26
Q53EP0	FNDC3B
Q96K21	ZFYVE19
Q13596	SNX1
P78317	RNF4
Q96BJ3	AIDA
Q53QV2	LBH
Q9UPY5	SLC7A11
Q9UJ14	GGT7
Q14147	DHX34
Q9UP83	COG5
Q9Y6C2	EMILIN1
P23508	MCC
P63000	RAC1
A6NM62	LRRC53
Q9BRR9	ARHGAP9
Q86X10	RALGAPB
P19838	NFKB1
Q16514	TAF12
Q9ULP9	TBC1D24
Q7Z3B3	KANSL1
Q6ZN04	MEX3B
Q5U5Q3	MEX3C
O95251	KAT7
Q5SQQ9	VAX1
P98198	ATP8B2
P62753	RPS6
Q9BZL6	PRKD2
P19021	PAM
O94842	TOX4
P55316	FOXG1
Q9H270	VPS11
Q5T3F8	TMEM63B
Q99719	SEPTIN5
Q5W0Z9	ZDHHC20
Q99788	CMKLR1
O43896	KIF1C
P27986	PIK3R1
P98160	HSPG2
Q9HBM0	VEZT
Q02410	APBA1
Q8IWV7	UBR1
Q09013	DMPK
Q8NE00	TMEM104
P52272	HNRNPM
Q9Y365	STARD10
Q86UX6	STK32C
Q8NCE2	MTMR14
O75335	PPFIA4
Q9BQ67	GRWD1
Q9NY27	PPP4R2
Q13322	GRB10
O75665	OFD1
P54646	PRKAA2
Q13895	BYSL
Q13546	RIPK1
O76080	ZFAND5
A4D1P6	WDR91
Q9BYI3	FAM126A
Q9UIK4	DAPK2
Q99829	CPNE1
Q9UPQ7	PDZRN3
Q9NRA2	SLC17A5
Q8IWA5	SLC44A2
Q9GZY8	MFF
Q8TBZ6	TRMT10A
Q8TF40	FNIP1
Q9H1A4	ANAPC1
P37802	TAGLN2
Q9Y3Z3	SAMHD1
Q9Y2B0	CNPY2
Q93008	USP9X
P41279	MAP3K8
P15531	NME1
P22392	NME2
O75379	VAMP4
Q9H000	MKRN2
Q86X95	CIR1
Q8WU20	FRS2
Q96AD5	PNPLA2
Q86VY9	TMEM200A
Q9NSD5	SLC6A13
Q8IVP5	FUNDC1
P39687	ANP32A
Q13371	PDCL
Q9H4X1	RGCC
O60825	PFKFB2
Q00577	PURA
Q9BX95	SGPP1
Q13542	EIF4EBP2
Q9HAK2	EBF2
Q5JYT7	KIAA1755
Q9BY44	EIF2A
O00629	KPNA4
O94986	CEP152
Q9UGI6	KCNN3
Q08289	CACNB2
Q9NZI8	IGF2BP1
Q96RT6	CTAGE1
Q86VB7	CD163
Q96PK6	RBM14
Q07617	SPAG1
P31323	PRKAR2B
Q9BTT6	LRRC1
Q13615	MTMR3
Q8IXQ3	C9orf40
Q14643	ITPR1
P13612	ITGA4
P49760	CLK2
Q8TC92	ENOX1
Q96BH1	RNF25
Q9NV29	TMEM100
Q13950	RUNX2
Q9NZ63	C9orf78
Q5XUX0	FBXO31
Q13946	PDE7A
Q6ZN18	AEBP2
P46934	NEDD4
O75896	TUSC2
O75676	RPS6KA4
P55042	RRAD
Q8IYB1	MB21D2
Q9NP56	PDE7B
Q9UFB7	ZBTB47
Q9NX58	LYAR
P81274	GPSM2
Q69YU3	ANKRD34A
Q9BWN1	PRR14
Q8N7C4	TMEM217
P55201	BRPF1
Q96EP0	RNF31
P47974	ZFP36L2
O60658	PDE8A
Q9HB21	PLEKHA1
Q14149	MORC3
P49207	RPL34
Q96MD7	C9orf85
Q9HCG8	CWC22
Q9BTC0	DIDO1
Q16875	PFKFB3
Q8TDN4	CABLES1
Q92564	DCUN1D4
Q96I25	RBM17
P40222	TXLNA
Q5QP82	DCAF10
P31749	AKT1
Q96IW2	SHD
Q13574	DGKZ
Q8N612	FHIP1B
Q8N1G1	REXO1
Q9NXR1	NDE1
O15033	AREL1
Q9BW61	DDA1
O00501	CLDN5
Q01581	HMGCS1
Q8TDJ6	DMXL2
Q96RU3	FNBP1
Q9C0E4	GRIP2
Q8N9N8	EIF1AD
P57081	WDR4
P49450	CENPA
Q5VTL8	PRPF38B
Q9BUI4	POLR3C
Q6Q0C0	TRAF7
Q9H2H9	SLC38A1
Q8TD16	BICD2
P54278	PMS2
Q9Y6K9	IKBKG
Q9ULD4	BRPF3
Q9BVA0	KATNB1
Q05193	DNM1
Q14123	PDE1C
Q9Y5W9	SNX11
Q8TAB5	C1orf216
Q07001	CHRND
Q9UMX3	BOK
P18054	ALOX12
P49757	NUMB
Q9NYV4	CDK12
Q6ZRS2	SRCAP
Q8NHH9	ATL2
Q14432	PDE3A
Q5SNT2	TMEM201
Q96AX9	MIB2
Q9BRQ6	CHCHD6
Q8IWF6	DENND6A
Q9UJX2	CDC23
Q9NZJ7	MTCH1
P98095	FBLN2
O60493	SNX3
Q2KHT3	CLEC16A
P11413	G6PD
Q86XA9	HEATR5A
Q15672	TWIST1
O14908	GIPC1
Q92560	BAP1
Q86YD1	PTOV1
Q9P2F6	ARHGAP20
Q8N3R9	PALS1
Q14739	LBR
O15211	RGL2
Q9UKV8	AGO2
Q6P4Q7	CNNM4
Q16629	SRSF7
Q8TC71	SPATA18
Q8TEA8	DTD1
Q92633	LPAR1
Q92618	ZNF516
O75061	DNAJC6
Q8IVE3	PLEKHH2
Q969H6	POP5
P53355	DAPK1
Q96RF0	SNX18
Q5J8M3	EMC4
Q6AWC2	WWC2
Q9ULE0	WWC3
Q9H8W4	PLEKHF2
P52298	NCBP2
P17655	CAPN2
Q9UJV9	DDX41
O60239	SH3BP5
Q8TBB5	KLHDC4
Q5TAQ9	DCAF8
Q8N6G6	ADAMTSL1
P06744	GPI
Q13835	PKP1
P30411	BDKRB2
Q9Y6K1	DNMT3A
O94888	UBXN7
P86452	ZBED6
Q15059	BRD3
O75494	SRSF10
Q9BXW6	OSBPL1A
O43909	EXTL3
Q96L93	KIF16B
Q9BXB4	OSBPL11
B7ZBB8	PPP1R3G
Q9BRK0	REEP2
Q9H902	REEP1
A3KN83	SBNO1
Q9Y580	RBM7
Q96EQ0	SGTB
Q96AG3	SLC25A46
Q8N3C7	CLIP4
Q8N2U9	SLC66A2
Q13158	FADD
O43823	AKAP8
P57740	NUP107
Q8WV41	SNX33
Q9BYC5	FUT8
Q10570	CPSF1
Q01518	CAP1
Q10471	GALNT2
Q92685	ALG3
Q96FS4	SIPA1
Q07666	KHDRBS1
Q2M1P5	KIF7
P35367	HRH1
Q93100	PHKB
Q9NVE7	PANK4
O60673	REV3L
Q9UKT5	FBXO4
Q12756	KIF1A
Q14999	CUL7
Q9Y519	TMEM184B
Q9HAH1	ZNF556
Q86TP1	PRUNE1
Q9GZV5	WWTR1
Q15173	PPP2R5B
Q92597	NDRG1
Q9UI47	CTNNA3
O14662	STX16
Q5FWE3	PRRT3
Q9HAZ1	CLK4
Q14204	DYNC1H1
Q5VU43	PDE4DIP
Q9Y4D8	HECTD4
Q13243	SRSF5
Q8NAP3	ZBTB38
Q63HQ0	AP1AR
P17026	ZNF22
Q9P107	GMIP
Q9Y561	LRP12
Q9UJ70	NAGK
Q92844	TANK
Q53GT1	KLHL22
Q8IUW5	RELL1
O43353	RIPK2
Q15569	TESK1
Q13393	PLD1
O95831	AIFM1
O95544	NADK
Q6ZSZ5	ARHGEF18
Q96EN8	MOCOS
Q4V328	GRIPAP1
Q9H1H9	KIF13A
P26045	PTPN3
Q14596	NBR1
Q9H2U2	PPA2
O76041	NEBL
Q9Y4F3	MARF1
O15273	TCAP
Q13330	MTA1
Q68BL7	OLFML2A
Q96Q40	CDK15
O95999	BCL10
O95835	LATS1
Q6PH81	C16orf87
Q68DA7	FMN1
Q9BZ72	PITPNM2
O15061	SYNM
O15169	AXIN1
Q96N64	PWWP2A
P33241	LSP1
P53667	LIMK1
Q99973	TEP1
Q9H0F6	SHARPIN
Q5T011	SZT2
P10075	GLI4
P41212	ETV6
Q96B54	ZNF428
Q8N4L2	PIP4P2
Q5T7W0	ZNF618
Q58EX2	SDK2
C9JLW8	MCRIP1
O75955	FLOT1
Q99638	RAD9A
Q9H6Z4	RANBP3
P49761	CLK3
O96018	APBA3
Q14653	IRF3
Q86YT6	MIB1
Q9NQB0	TCF7L2
Q15637	SF1
Q8N5C8	TAB3
Q8WXE0	CASKIN2
Q9NR82	KCNQ5
Q96HA9	PEX11G
Q14106	TOB2
O60583	CCNT2
P55197	MLLT10
Q13829	TNFAIP1
Q9HD42	CHMP1A
Q12979	ABR
Q15172	PPP2R5A
P20794	MAK
O43933	PEX1
Q14011	CIRBP
P47736	RAP1GAP
O95155	UBE4B
Q16537	PPP2R5E
Q9NU19	TBC1D22B
Q9BQD3	KXD1
P56749	CLDN12
Q9NTZ6	RBM12
Q8N3Y1	FBXW8
Q9NVW2	RLIM
Q6ZUS6	CCDC149
Q9NXX6	NSMCE4A
Q8IWX8	CHERP
Q9NWB6	ARGLU1
Q9UN36	NDRG2
Q9UGV2	NDRG3
Q9UIW2	PLXNA1
P35221	CTNNA1
P61764	STXBP1
Q7Z5R6	APBB1IP
Q14767	LTBP2
O95429	BAG4
Q8WWY3	PRPF31
Q6NV75	GPR153
Q86VQ0	LCA5
Q9BY77	POLDIP3
Q8TBC5	ZSCAN18
Q14166	TTLL12
O75131	CPNE3
Q14789	GOLGB1
Q9NPH3	IL1RAP
Q7LG56	RRM2B
Q9BTU6	PI4K2A
Q01850	CDR2
Q5T8I3	FAM102B
Q5T9C2	FAM102A
Q9ULV0	MYO5B
Q8N5Y2	MSL3
Q7Z3E2	CCDC186
Q9UBG0	MRC2
Q86WP2	GPBP1
P46019	PHKA2
Q9NX94	WBP1L
O14713	ITGB1BP1
Q9BZ67	FRMD8
Q8N6U8	GPR161
P35606	COPB2
Q92629	SGCD
Q9UGI8	TES
Q9UHB6	LIMA1
Q13683	ITGA7
Q9NW07	ZNF358
O14874	BCKDK
Q99607	ELF4
Q9UBF9	MYOT
P04150	NR3C1
Q9H813	PACC1
Q13315	ATM
Q06455	RUNX1T1
P49759	CLK1
Q7L9B9	EEPD1
P02545	LMNA
P12883	MYH7
Q8N1W1	ARHGEF28
Q92681	RSC1A1
Q92621	NUP205
Q9HB20	PLEKHA3
Q86UW7	CADPS2
Q676U5	ATG16L1
Q8N122	RPTOR
Q9Y2G3	ATP11B
C9J069	AJM1
P07738	BPGM
Q6NT76	HMBOX1
Q9C0D7	ZC3H12C
Q9BZE4	GTPBP4
P45973	CBX5
Q9NZH0	GPRC5B
Q9UBS8	RNF14
Q9UL54	TAOK2
Q9BZF3	OSBPL6
Q92804	TAF15
Q7Z3U7	MON2
Q8WYK2	JDP2
O43251	RBFOX2
P15173	MYOG
Q3KP44	ANKRD55
Q5T0B9	ZNF362
Q8IZR5	CMTM4
Q3MHD2	LSM12
Q9HA47	UCK1
Q12874	SF3A3
Q14135	VGLL4
Q8IWY9	CDAN1
O75907	DGAT1
Q8IVN3	MUSTN1
Q13561	DCTN2
Q05397	PTK2
P31751	AKT2
P45985	MAP2K4
Q9Y285	FARSA
Q03164	KMT2A
Q9BYV2	TRIM54
P18858	LIG1
Q8IY95	TMEM192
Q7Z698	SPRED2
A6NKF1	SAC3D1
Q9Y5S1	TRPV2
Q16828	DUSP6
Q9NZ52	GGA3
Q9NRJ4	TULP4
Q92882	OSTF1
P40306	PSMB10
Q9H788	SH2D4A
Q96A65	EXOC4
Q6UUV9	CRTC1
P02751	FN1
P07199	CENPB
P30825	SLC7A1
Q15653	NFKBIB
P26641	EEF1G
Q96T60	PNKP
Q5T230	UTF1
Q02750	MAP2K1
Q6UVK1	CSPG4
Q06587	RING1
Q9UNN5	FAF1
Q9Y2I1	NISCH
O14936	CASK
Q9H9C1	VIPAS39
Q00610	CLTC
P51580	TPMT
P49810	PSEN2
Q5EBL4	RILPL1
Q9UPY8	MAPRE3
Q9BW91	NUDT9
Q6H8Q1	ABLIM2
Q96S97	MYADM
O00308	WWP2
O43474	KLF4
Q96QT6	PHF12
Q17R98	ZNF827
Q96A32	MYLPF
P10809	HSPD1
Q96I24	FUBP3
Q6BDS2	UHRF1BP1
Q5XUX1	FBXW9
O43930	PRKY
P28482	MAPK1
Q6ZU65	UBN2
Q6QNY0	BLOC1S3
Q15054	POLD3
O43439	CBFA2T2
Q9HC52	CBX8
Q96LR5	UBE2E2
Q9Y2D8	SSX2IP
Q16586	SGCA
Q06210	GFPT1
Q9Y4L1	HYOU1
Q9HCJ0	TNRC6C
Q8N392	ARHGAP18
O76061	STC2
Q9NQ55	PPAN
Q96I34	PPP1R16A
P51798	CLCN7
Q9Y2W3	SLC45A1
Q9NP87	POLM
O75170	PPP6R2
Q7KYR7	BTN2A1
O43194	GPR39
O95696	BRD1
Q96LT9	RNPC3
Q9BTE3	MCMBP
Q96JI7	SPG11
P08581	MET
P35749	MYH11
Q8N128	FAM177A1
P51151	RAB9A
Q8N5J2	MINDY1
Q8NCN4	RNF169
Q15365	PCBP1
Q8WVM8	SCFD1
Q9UKG1	APPL1
Q8TF42	UBASH3B
Q9HCE0	EPG5
P13994	YJU2B
Q24JP5	TMEM132A
Q5VTT5	MYOM3
Q6N075	MFSD5
Q6PK04	CCDC137
Q99575	POP1
Q9NUJ3	TCP11L1
Q9NVZ3	NECAP2
P46527	CDKN1B
Q96C92	ENTR1
Q96JM2	ZNF462
P52747	ZNF143
Q99075	HBEGF
Q8NFB2	TMEM185A
Q6IQ49	SDE2
Q9BRS2	RIOK1
Q5VXU3	CHIC1
P38117	ETFB
O43155	FLRT2
P18084	ITGB5
Q9Y243	AKT3
O43598	DNPH1
Q6P5R6	RPL22L1
Q9BVV8	FAM174C
P08559	PDHA1
Q15262	PTPRK
P53004	BLVRA
O60312	ATP10A
Q96AH8	RAB7B
Q9NX63	CHCHD3
P98179	RBM3
Q8IVF5	TIAM2
P61353	RPL27
Q1ED39	KNOP1
P51784	USP11
Q56P03	EAPP
A5YM69	ARHGEF35
Q9UPW0	FOXJ3
P09651	HNRNPA1
P12882	MYH1
P14618	PKM
P12814	ACTN1
O43707	ACTN4
Q7Z6Z7	HUWE1
P60709	ACTB
P68133	ACTA1
P68032	ACTC1
P63261	ACTG1
P05386	RPLP1
Q13885	TUBB2A
Q13509	TUBB3
P68371	TUBB4B
Q9UKX2	MYH2
P30837	ALDH1B1
O43852	CALU
P61224	RAP1B
P62834	RAP1A
Q99729	HNRNPAB
P13929	ENO3
P09104	ENO2
P24844	MYL9
Q9H0U4	RAB1B
P25705	ATP5F1A
P31946	YWHAB
Q04917	YWHAH
P61981	YWHAG
